timestamp,product_name,expiry_date,quantity,unit_price,channel,payment_method,avg_discount,new_price,discounts_list
2023-04-09,Pepper - Red Thai,2023-05-22,5,23.18,Store,Cash,None,23.18,""
2023-05-09,Wine - Chardonnay Mondavi,2023-08-04,7,189.74,Store,Cash,Some(0.05),180.25300000000001,"0.05 & 0.05"
2023-04-09,External Supplier,2023-05-23,14,9.92,App,Visa,Some(0.11),8.8288,"0.15 & 0.07"
2023-03-27,Beans - Black Bean Preserved,2023-05-28,13,145.85,Store,Cash,Some(0.07),135.64049999999997,"0.07"
2023-04-27,Beef - Inside Round,2023-07-18,9,247.62,Store,Visa,Some(0.05),235.239,"0.05 & 0.05"
2023-05-02,Bread - Calabrese Baguette,2023-05-28,1,111.21,Store,Visa,Some(0.025),108.42975,"0.05 & 0.0"
2023-03-17,Zucchini - Mini Green,2023-05-05,15,146.75,Store,Visa,Some(0.07500000000000001),135.74375,"0.1 & 0.05"
2023-03-22,Eggs - Extra Large,2023-04-08,16,48.05,App,Visa,Some(0.6),19.22,"1.0 & 0.2"
2023-05-11,Pork - Liver,2023-07-20,17,191.13,Store,Visa,Some(0.07500000000000001),176.79525,"0.1 & 0.05"
2023-04-04,Sesame Seed,2023-06-08,4,62.69,Store,Cash,None,62.69,""
2023-04-14,Tuna - Yellowfin,2023-05-23,9,183.3,Store,Cash,Some(0.05),174.135,"0.05"
2023-04-23,Wine - Magnotta - Belpaese,2023-05-12,9,101.36,Store,Cash,Some(0.525),48.146,"1.0 & 0.05"
2023-04-26,Bar Bran Honey Nut,2023-07-20,15,13.21,Store,Cash,Some(0.1),11.889000000000001,"0.1"
2023-04-23,Cake - French Pear Tart,2023-07-11,12,215.63,Store,Cash,Some(0.07),200.53589999999997,"0.07"
2023-04-24,Carbonated Water - Wildberry,2023-07-19,2,19.31,Store,Cash,None,19.31,""
2023-04-06,Pork - Ham Virginia,2023-06-18,14,208.26,Store,Cash,Some(0.07),193.68179999999998,"0.07"
2023-04-30,Wine - Prosecco Valdobienne,2023-06-01,15,221.11,Store,Visa,Some(0.07500000000000001),204.52675000000002,"0.1 & 0.05"
2023-04-23,Lettuce - Boston Bib - Organic,2023-06-13,6,96.43,Store,Visa,Some(0.05),91.6085,"0.05 & 0.05"
2023-04-05,Wine - Marlbourough Sauv Blanc,2023-04-10,4,233.83,App,Visa,Some(1.025),-5.845749999999979,"2.0 & 0.05"
2023-04-13,Longos - Chicken Cordon Bleu,2023-05-28,16,193.04,Store,Cash,Some(0.1),173.736,"0.1"
2023-04-19,Beef Striploin Aaa,2023-06-06,9,81.77,Store,Cash,Some(0.05),77.68149999999999,"0.05"
2023-04-29,Sauce - Oyster,2023-05-15,2,69.06,App,Visa,Some(0.525),32.8035,"1.0 & 0.05"
2023-04-03,Barley - Pearl,2023-05-29,3,94.98,App,Visa,Some(0.05),90.231,"0.05 & 0.05"
2023-05-09,Cheese Cloth No 60,2023-06-20,16,49.41,App,Visa,Some(0.15000000000000002),41.99849999999999,"0.2 & 0.1"
2023-03-25,Cut Wakame - Hanawakaba,2023-06-17,16,190.34,Store,Cash,Some(0.1),171.306,"0.1"
2023-05-12,Kolrabi,2023-05-20,14,29.13,App,Visa,Some(1.075),-2.1847499999999984,"2.0 & 0.15"
2023-05-03,Coffee - Espresso,2023-05-31,12,61.91,App,Visa,Some(0.11),55.0999,"0.15 & 0.07"
2023-04-29,Beef - Kindney Whole,2023-04-30,14,7.41,Store,Visa,Some(1.035),-0.2593499999999994,"2.0 & 0.07"
2023-05-10,Honey - Comb,2023-07-03,3,97.54,Store,Visa,Some(0.05),92.663,"0.05"
2023-04-19,Soup Campbells Turkey Veg.,2023-04-24,1,1.86,Store,Cash,Some(2.0),-1.86,"2.0"
2023-04-15,Syrup - Monin - Blue Curacao,2023-04-19,9,62.85,Store,Visa,Some(1.025),-1.5712499999999945,"2.0 & 0.05"
2023-04-21,Coffee Beans - Chocolate,2023-07-15,15,29.33,Store,Cash,Some(0.1),26.397,"0.1"
2023-04-13,Wine - Vidal Icewine Magnotta,2023-05-29,17,220.37,App,Visa,Some(0.15000000000000002),187.3145,"0.2 & 0.1"
2023-03-29,Island Oasis - Peach Daiquiri,2023-06-18,16,128.13,Store,Visa,Some(0.07500000000000001),118.52025,"0.1 & 0.05"
2023-04-04,Lychee,2023-07-01,4,16.08,Store,Cash,None,16.08,""
2023-03-17,Contreau,2023-04-16,11,222.63,App,Visa,Some(0.11),198.1407,"0.15 & 0.07"
2023-04-08,Cheese - Taleggio D.o.p.,2023-04-27,1,205.18,Store,Visa,Some(0.55),92.33099999999999,"1.0 & 0.1"
2023-03-30,Persimmons,2023-05-01,14,80.81,Store,Cash,Some(0.07),75.1533,"0.07"
2023-03-29,Towels - Paper / Kraft,2023-05-02,7,17.24,Store,Cash,Some(0.05),16.377999999999997,"0.05"
2023-03-27,Pastry - Cheese Baked Scones,2023-06-08,11,232.08,App,Visa,Some(0.11),206.55120000000002,"0.15 & 0.07"
2023-04-07,Honey - Liquid,2023-07-01,16,103.96,Store,Cash,Some(0.1),93.564,"0.1"
2023-04-09,Veal - Bones,2023-06-30,14,48.36,App,Visa,Some(0.11),43.0404,"0.15 & 0.07"
2023-04-08,Beets,2023-04-15,16,108.46,Store,Cash,Some(1.05),-5.4230000000000045,"2.0 & 0.1"
2023-04-25,Wine - Saint Emilion Calvet,2023-06-05,5,31.56,App,Visa,Some(0.05),29.981999999999996,"0.05 & 0.05"
2023-04-13,Coffee - Ristretto Coffee Capsule,2023-06-23,12,234.0,Store,Visa,Some(0.060000000000000005),219.95999999999998,"0.07 & 0.05"
2023-03-21,Beef - Tenderlion Center Cut,2023-04-08,7,245.12,Store,Visa,Some(0.525),116.432,"1.0 & 0.05"
2023-04-12,Pails With Lids,2023-07-08,5,156.56,App,Visa,Some(0.05),148.732,"0.05 & 0.05"
2023-04-22,Wine - Cousino Macul Antiguas,2023-05-26,1,78.82,Store,Visa,Some(0.05),74.87899999999999,"0.05 & 0.05"
2023-03-25,Puree - Mango,2023-06-20,7,236.95,Store,Cash,Some(0.05),225.1025,"0.05"
2023-04-15,Soup - Campbells Chili,2023-06-13,3,167.22,Store,Cash,None,167.22,""
2023-04-02,Table Cloth 91x91 Colour,2023-05-11,1,132.54,App,Visa,Some(0.05),125.91299999999998,"0.05 & 0.05"
2023-05-01,Apron,2023-07-17,6,139.54,Store,Cash,Some(0.05),132.563,"0.05"
2023-04-17,Chocolate - Mi - Amere Semi,2023-07-04,6,227.37,App,Visa,Some(0.07500000000000001),210.31725,"0.1 & 0.05"
2023-04-05,Tomatoes - Plum Canned,2023-05-31,10,68.25,Store,Cash,Some(0.07),63.4725,"0.07"
2023-04-14,Oysters - Smoked,2023-07-08,15,66.86,App,Visa,Some(0.125),58.5025,"0.15 & 0.1"
2023-04-19,Pork - Chop Frenched,2023-05-07,2,154.51,Store,Cash,Some(1.0),0.0,"1.0"
2023-05-10,Pastry - Baked Cinnamon Stick,2023-05-16,12,64.08,App,Visa,Some(1.075),-4.805999999999997,"2.0 & 0.15"
2023-04-03,Bread Foccacia Whole,2023-04-18,1,198.9,App,Visa,Some(0.525),94.47749999999999,"1.0 & 0.05"
2023-04-07,Tuna - Loin,2023-06-16,7,26.01,App,Visa,Some(0.07500000000000001),24.059250000000002,"0.1 & 0.05"
2023-04-02,Corn Syrup,2023-04-27,8,124.55,App,Visa,Some(0.07500000000000001),115.20875000000001,"0.1 & 0.05"
2023-05-05,Wine - Bouchard La Vignee Pinot,2023-05-06,5,202.72,App,Visa,Some(1.025),-5.067999999999982,"2.0 & 0.05"
2023-04-20,Lamb - Pieces Diced,2023-06-12,5,85.41,Store,Cash,None,85.41,""
2023-04-08,Cocoa Butter,2023-04-10,3,149.72,App,Visa,Some(1.025),-3.7429999999999866,"2.0 & 0.05"
2023-03-30,Juice - Apple 284ml,2023-05-12,2,24.63,Store,Cash,None,24.63,""
2023-04-03,Tomato - Plum With Basil,2023-06-25,3,71.15,Store,Cash,None,71.15,""
2023-04-18,Wine - Magnotta White,2023-06-12,4,136.58,Store,Cash,Some(0.05),129.751,"0.05"
2023-04-01,Veal - Knuckle,2023-05-10,10,186.71,Store,Cash,Some(0.07),173.6403,"0.07"
2023-04-12,Sugar - Brown,2023-04-28,13,218.79,App,Visa,Some(0.575),92.98575000000001,"1.0 & 0.15"
2023-04-03,Mix - Cocktail Ice Cream,2023-05-29,15,94.51,Store,Cash,Some(0.1),85.05900000000001,"0.1"
2023-04-11,Bread Base - Gold Formel,2023-04-17,6,83.09,App,Visa,Some(1.05),-4.154500000000004,"2.0 & 0.1"
2023-04-25,Salmon - Whole 4 - 6 Pounds,2023-06-09,9,188.02,Store,Cash,Some(0.05),178.619,"0.05"
2023-04-27,Lettuce - Radicchio,2023-06-26,12,227.89,Store,Cash,Some(0.07),211.93769999999998,"0.07"
2023-03-21,Wood Chips - Regular,2023-06-06,17,191.65,App,Visa,Some(0.15000000000000002),162.9025,"0.2 & 0.1"
2023-04-04,Pails With Lids,2023-06-01,1,88.1,App,Visa,Some(0.05),83.695,"0.05 & 0.05"
2023-04-29,Strawberries,2023-05-28,2,148.88,App,Visa,Some(0.05),141.43599999999998,"0.05 & 0.05"
2023-05-01,Bread - Pita,2023-05-10,2,130.58,Store,Cash,Some(2.0),-130.58,"2.0"
2023-04-12,Hand Towel,2023-05-01,12,219.89,Store,Cash,Some(0.535),102.24884999999999,"1.0 & 0.07"
2023-04-12,Ice Cream - Chocolate,2023-05-30,6,175.97,App,Visa,Some(0.07500000000000001),162.77225,"0.1 & 0.05"
2023-04-16,Lid - 16 Oz And 32 Oz,2023-04-17,10,105.73,Store,Cash,Some(1.035),-3.700549999999992,"2.0 & 0.07"
2023-03-17,Mayonnaise,2023-03-22,12,100.57,Store,Cash,Some(1.035),-3.5199499999999917,"2.0 & 0.07"
2023-04-06,Tarts Assorted,2023-06-26,3,172.63,Store,Visa,Some(0.05),163.99849999999998,"0.05"
2023-05-04,Butter - Salted,2023-06-13,14,105.08,Store,Cash,Some(0.07),97.72439999999999,"0.07"
2023-03-27,Amaretto,2023-05-28,13,6.89,Store,Cash,Some(0.07),6.407699999999999,"0.07"
2023-04-03,Bread - White Mini Epi,2023-06-21,17,21.35,Store,Cash,Some(0.1),19.215000000000003,"0.1"
2023-04-12,Lamb - Bones,2023-06-13,16,111.07,App,Visa,Some(0.15000000000000002),94.4095,"0.2 & 0.1"
2023-04-26,Bagelers - Cinn / Brown Sugar,2023-06-23,12,210.78,Store,Cash,Some(0.07),196.0254,"0.07"
2023-05-04,Soup - Campbells Beef Barley,2023-05-28,17,206.53,Store,Visa,Some(0.07500000000000001),191.04025000000001,"0.1 & 0.05"
2023-03-24,Pasta - Fettuccine Egg Fresh,2023-06-02,6,166.99,Store,Cash,Some(0.05),158.6405,"0.05"
2023-05-03,Nut - Almond Blanched Whole,2023-07-14,9,53.84,Store,Cash,Some(0.05),51.148,"0.05"
2023-03-17,Wine - White Schroder And Schyl,2023-03-23,13,165.67,Store,Cash,Some(1.035),-5.798449999999987,"2.0 & 0.07"
2023-05-02,Soup - Knorr Chicken Gumbo,2023-05-11,3,236.76,Store,Cash,Some(2.0),-236.76,"2.0"
2023-04-26,Wine - Red Colio Cabernet,2023-04-27,14,150.82,Store,Visa,Some(1.035),-5.278699999999987,"2.0 & 0.07"
2023-05-02,Thyme - Lemon Fresh,2023-05-29,14,88.35,Store,Cash,Some(0.035),85.25774999999999,"0.07 & 0.0"
2023-03-13,Honey - Lavender,2023-04-13,1,11.79,App,Visa,Some(0.05),11.200499999999998,"0.05 & 0.05"
2023-05-05,Cake - Bande Of Fruit,2023-05-10,11,43.91,App,Visa,Some(1.075),-3.293249999999998,"2.0 & 0.15"
2023-04-08,Veal - Insides Provini,2023-04-26,11,40.81,App,Visa,Some(0.575),17.344250000000002,"1.0 & 0.15"
2023-03-20,Cheese - Taleggio D.o.p.,2023-03-25,10,194.85,Store,Visa,Some(1.05),-9.742500000000009,"2.0 & 0.1"
2023-04-20,Table Cloth 54x54 Colour,2023-07-03,15,186.31,Store,Cash,Some(0.1),167.679,"0.1"
2023-03-18,Nut - Walnut Chopped,2023-05-03,14,180.3,App,Visa,Some(0.11),160.467,"0.15 & 0.07"
2023-04-26,Turkey - Whole Fresh,2023-06-17,17,138.43,Store,Cash,Some(0.1),124.587,"0.1"
2023-04-12,Ocean Spray - Ruby Red,2023-07-02,5,148.87,Store,Cash,None,148.87,""
2023-04-24,Nantucket - Orange Mango Cktl,2023-06-05,6,161.12,Store,Cash,Some(0.05),153.064,"0.05"
2023-04-12,Flower - Carnations,2023-05-21,6,229.61,Store,Cash,Some(0.05),218.1295,"0.05"
2023-04-29,Tequila - Sauza Silver,2023-06-30,3,24.27,Store,Cash,None,24.27,""
2023-04-17,Soup - Base Broth Beef,2023-05-21,14,55.81,Store,Visa,Some(0.060000000000000005),52.4614,"0.07 & 0.05"
2023-05-04,Mikes Hard Lemonade,2023-05-24,5,62.32,Store,Cash,Some(1.0),0.0,"1.0"
2023-03-31,Pasta - Lasagna Dry,2023-06-01,12,8.24,Store,Visa,Some(0.060000000000000005),7.7456,"0.07 & 0.05"
2023-04-06,Ginsing - Fresh,2023-06-19,9,92.93,Store,Visa,Some(0.05),88.2835,"0.05 & 0.05"
2023-05-03,Capon - Breast Wing On,2023-07-27,9,171.96,App,Visa,Some(0.07500000000000001),159.06300000000002,"0.1 & 0.05"
2023-05-07,Chocolate - Semi Sweet Calets,2023-07-30,15,197.52,Store,Cash,Some(0.1),177.768,"0.1"
2023-03-20,Tray - 16in Rnd Blk,2023-06-16,12,7.88,App,Visa,Some(0.11),7.0132,"0.15 & 0.07"
2023-05-08,Coffee - Frthy Coffee Crisp,2023-05-31,16,22.75,App,Visa,Some(0.15000000000000002),19.3375,"0.2 & 0.1"
2023-05-04,Schnappes Peppermint - Walker,2023-05-20,6,19.59,App,Visa,Some(0.55),8.815499999999998,"1.0 & 0.1"
2023-03-20,Wine - White Lindemans Bin 95,2023-04-19,9,182.21,Store,Cash,Some(0.05),173.0995,"0.05 & 0.05"
2023-05-08,Coffee Cup 12oz 5342cd,2023-07-15,10,130.1,App,Visa,Some(0.085),119.0415,"0.1 & 0.07"
2023-03-21,Paper - Brown Paper Mini Cups,2023-06-05,6,5.63,Store,Cash,Some(0.05),5.3485,"0.05"
2023-04-30,Coffee - Frthy Coffee Crisp,2023-07-17,15,177.35,Store,Cash,Some(0.1),159.615,"0.1"
2023-05-03,Tea - Orange Pekoe,2023-05-20,1,71.36,App,Visa,Some(0.525),33.896,"1.0 & 0.05"
2023-05-02,Muffin Mix - Raisin Bran,2023-06-29,11,171.22,App,Visa,Some(0.11),152.3858,"0.15 & 0.07"
2023-03-23,Jack Daniels,2023-06-14,17,210.22,Store,Cash,Some(0.1),189.198,"0.1"
2023-04-22,Beef - Ground Medium,2023-07-05,14,174.09,App,Visa,Some(0.11),154.9401,"0.15 & 0.07"
2023-04-25,Onion Powder,2023-05-03,15,136.9,Store,Cash,Some(1.05),-6.845000000000006,"2.0 & 0.1"
2023-04-02,Tomatoes - Grape,2023-06-28,13,164.11,App,Visa,Some(0.11),146.05790000000002,"0.15 & 0.07"
2023-03-22,Wine - Chenin Blanc K.w.v.,2023-06-07,11,184.55,App,Visa,Some(0.11),164.2495,"0.15 & 0.07"
2023-04-04,Quail - Eggs Fresh,2023-04-28,13,222.23,Store,Cash,Some(0.035),214.45194999999998,"0.07 & 0.0"
2023-04-16,Bread - Pumpernickel,2023-05-12,11,182.41,Store,Cash,Some(0.035),176.02564999999998,"0.07 & 0.0"
2023-03-16,Apples - Spartan,2023-06-06,6,127.75,Store,Visa,Some(0.05),121.3625,"0.05 & 0.05"
2023-04-05,Snails - Large Canned,2023-06-10,8,158.15,Store,Visa,Some(0.05),150.2425,"0.05 & 0.05"
2023-03-13,Eggplant - Baby,2023-04-18,3,241.88,App,Visa,Some(0.05),229.78599999999997,"0.05 & 0.05"
2023-04-13,Wine - Rioja Campo Viejo,2023-05-10,15,165.9,App,Visa,Some(0.125),145.1625,"0.15 & 0.1"
2023-04-20,Wine - Rosso Toscano Igt,2023-04-25,1,188.66,App,Visa,Some(1.025),-4.716499999999983,"2.0 & 0.05"
2023-04-06,Wine - Blue Nun Qualitatswein,2023-04-08,7,228.35,Store,Cash,Some(1.025),-5.70874999999998,"2.0 & 0.05"
2023-04-11,Ecolab Crystal Fusion,2023-07-07,5,90.56,App,Visa,Some(0.05),86.032,"0.05 & 0.05"
2023-04-24,Ecolab Crystal Fusion,2023-07-23,9,92.27,Store,Cash,Some(0.05),87.6565,"0.05"
2023-03-28,Sauce - White Mix,2023-05-02,13,194.21,App,Visa,Some(0.11),172.8469,"0.15 & 0.07"
2023-04-15,Lobak,2023-06-11,15,91.02,Store,Visa,Some(0.07500000000000001),84.1935,"0.1 & 0.05"
2023-04-09,Pasta - Shells Medium Dry,2023-04-11,3,212.35,App,Visa,Some(1.025),-5.308749999999981,"2.0 & 0.05"
2023-05-10,Tomatoes Tear Drop Yellow,2023-06-03,13,45.47,Store,Visa,Some(0.060000000000000005),42.7418,"0.07 & 0.05"
2023-05-05,Melon - Honey Dew,2023-07-27,12,167.18,Store,Cash,Some(0.07),155.4774,"0.07"
2023-03-23,Dried Cranberries,2023-04-25,16,166.28,Store,Visa,Some(0.07500000000000001),153.809,"0.1 & 0.05"
2023-03-26,Bagels Poppyseed,2023-05-10,8,80.83,App,Visa,Some(0.07500000000000001),74.76775,"0.1 & 0.05"
2023-04-23,Mushroom - Crimini,2023-06-08,15,217.8,App,Visa,Some(0.125),190.57500000000002,"0.15 & 0.1"
2023-04-28,Spice - Peppercorn Melange,2023-06-16,7,234.14,App,Visa,Some(0.07500000000000001),216.5795,"0.1 & 0.05"
2023-03-19,Fruit Salad Deluxe,2023-05-22,4,148.25,Store,Visa,Some(0.05),140.8375,"0.05"
2023-03-25,Mountain Dew,2023-04-07,13,62.12,Store,Cash,Some(0.535),28.885799999999996,"1.0 & 0.07"
2023-03-19,Pur Value,2023-04-12,4,9.19,App,Visa,Some(0.05),8.7305,"0.05 & 0.05"
2023-03-18,Remy Red Berry Infusion,2023-05-26,7,38.18,App,Visa,Some(0.07500000000000001),35.316500000000005,"0.1 & 0.05"
2023-04-27,Chestnuts - Wholecanned,2023-06-14,9,38.44,App,Visa,Some(0.07500000000000001),35.557,"0.1 & 0.05"
2023-03-20,Pork - Sausage Medium,2023-04-06,6,233.63,Store,Cash,Some(0.525),110.97425,"1.0 & 0.05"
2023-03-17,Apple - Royal Gala,2023-05-03,10,235.0,Store,Cash,Some(0.07),218.54999999999998,"0.07"
2023-04-24,Oil - Cooking Spray,2023-05-30,14,83.2,App,Visa,Some(0.11),74.048,"0.15 & 0.07"
2023-04-26,Tuna - Bluefin,2023-05-02,5,9.57,Store,Cash,Some(2.0),-9.57,"2.0"
2023-03-22,Pepper - Green Thai,2023-04-22,1,64.88,Store,Cash,None,64.88,""
2023-05-06,Mustard - Individual Pkg,2023-07-29,14,161.8,Store,Cash,Some(0.07),150.474,"0.07"
2023-05-12,Pepper - Julienne Frozen,2023-07-20,10,135.67,App,Visa,Some(0.085),124.13804999999999,"0.1 & 0.07"
2023-04-25,Hummus - Spread,2023-05-03,17,135.48,Store,Cash,Some(1.05),-6.774000000000005,"2.0 & 0.1"
2023-03-13,Absolut Citron,2023-05-25,9,62.42,Store,Visa,Some(0.05),59.299,"0.05 & 0.05"
2023-05-10,Salad Dressing,2023-05-24,6,150.28,Store,Cash,Some(0.525),71.383,"1.0 & 0.05"
2023-03-21,Yogurt - Assorted Pack,2023-05-06,11,64.81,App,Visa,Some(0.11),57.6809,"0.15 & 0.07"
2023-04-21,Soap - Hand Soap,2023-05-26,6,83.29,Store,Cash,Some(0.05),79.1255,"0.05"
2023-05-04,Barley - Pearl,2023-06-30,2,123.76,App,Visa,Some(0.05),117.572,"0.05 & 0.05"
2023-04-20,Appetizer - Sausage Rolls,2023-06-25,8,75.13,Store,Cash,Some(0.05),71.37349999999999,"0.05"
2023-03-16,Lemons,2023-03-31,17,247.42,App,Visa,Some(0.6),98.968,"1.0 & 0.2"
2023-04-28,Cake - Miini Cheesecake Cherry,2023-05-31,12,127.02,Store,Cash,Some(0.07),118.12859999999999,"0.07"
2023-04-05,Table Cloth 72x144 White,2023-06-27,17,229.19,Store,Visa,Some(0.07500000000000001),212.00075,"0.1 & 0.05"
2023-03-17,Sword Pick Asst,2023-04-15,1,204.31,Store,Visa,Some(0.025),199.20225,"0.05 & 0.0"
2023-03-18,Cake - Sheet Strawberry,2023-05-29,4,72.27,Store,Cash,None,72.27,""
2023-03-19,Tuna - Sushi Grade,2023-05-09,14,40.61,Store,Cash,Some(0.07),37.7673,"0.07"
2023-05-02,Wine - Vovray Sec Domaine Huet,2023-05-27,4,41.5,App,Visa,Some(0.05),39.425,"0.05 & 0.05"
2023-03-21,Watercress,2023-04-21,14,227.82,Store,Visa,Some(0.060000000000000005),214.15079999999998,"0.07 & 0.05"
2023-03-29,V8 Splash Strawberry Banana,2023-06-07,13,42.39,Store,Cash,Some(0.07),39.4227,"0.07"
2023-03-18,Syrup - Monin - Blue Curacao,2023-05-27,10,121.04,Store,Cash,Some(0.07),112.5672,"0.07"
2023-05-04,Sprouts - China Rose,2023-05-06,10,58.63,Store,Cash,Some(1.035),-2.0520499999999955,"2.0 & 0.07"
2023-03-19,Pears - Bosc,2023-04-19,15,46.72,App,Visa,Some(0.125),40.879999999999995,"0.15 & 0.1"
2023-03-23,Beef - Ox Tongue,2023-05-06,3,152.52,Store,Cash,None,152.52,""
2023-04-10,Buttons,2023-05-16,5,80.87,App,Visa,Some(0.05),76.8265,"0.05 & 0.05"
2023-03-23,The Pop Shoppe - Root Beer,2023-05-18,15,226.37,Store,Visa,Some(0.07500000000000001),209.39225000000002,"0.1 & 0.05"
2023-03-30,Pork - Ground,2023-04-14,1,189.55,Store,Cash,Some(1.0),0.0,"1.0"
2023-04-08,Wasabi Powder,2023-05-03,1,24.63,App,Visa,Some(0.05),23.3985,"0.05 & 0.05"
2023-03-17,Milk 2% 500 Ml,2023-05-15,14,229.53,App,Visa,Some(0.11),204.2817,"0.15 & 0.07"
2023-03-23,Flavouring - Orange,2023-04-05,14,183.47,Store,Visa,Some(0.535),85.31354999999999,"1.0 & 0.07"
2023-05-01,Juice - Orange Concentrate,2023-05-10,11,95.39,App,Visa,Some(1.075),-7.154249999999996,"2.0 & 0.15"
2023-03-15,Bonito Flakes - Toku Katsuo,2023-04-23,12,96.35,Store,Visa,Some(0.060000000000000005),90.56899999999999,"0.07 & 0.05"
2023-04-19,Bread - Bistro White,2023-05-19,15,68.7,App,Visa,Some(0.125),60.112500000000004,"0.15 & 0.1"
2023-04-18,Bread - English Muffin,2023-06-08,2,11.09,App,Visa,Some(0.05),10.535499999999999,"0.05 & 0.05"
2023-04-22,Nantuket Peach Orange,2023-06-12,9,88.17,Store,Cash,Some(0.05),83.7615,"0.05"
2023-04-09,Currants,2023-06-05,11,87.0,Store,Cash,Some(0.07),80.91,"0.07"
2023-04-19,Wine - Red Gallo Merlot,2023-07-05,14,171.66,Store,Cash,Some(0.060000000000000005),161.3604,"0.07 & 0.05"
2023-05-05,Cheese - Camembert,2023-06-19,10,62.27,App,Visa,Some(0.1),56.043000000000006,"0.1 & 0.1"
2023-04-27,Container - Hngd Cll Blk 7x7x3,2023-06-21,17,247.07,Store,Visa,Some(0.07500000000000001),228.53975,"0.1 & 0.05"
2023-04-04,Tomatoes - Vine Ripe Red,2023-05-09,9,197.06,App,Visa,Some(0.07500000000000001),182.28050000000002,"0.1 & 0.05"
2023-04-14,Durian Fruit,2023-06-15,5,246.05,App,Visa,Some(0.05),233.7475,"0.05 & 0.05"
2023-03-23,Veal - Shank Pieces,2023-06-01,15,64.0,Store,Cash,Some(0.1),57.6,"0.1"
2023-04-23,Container - Clear 32 Oz,2023-05-17,14,201.77,Store,Visa,Some(0.060000000000000005),189.6638,"0.07 & 0.05"
2023-05-05,Soup - Campbells - Chicken Noodle,2023-06-17,15,126.29,App,Visa,Some(0.125),110.50375000000001,"0.15 & 0.1"
2023-05-01,Rice - Aborio,2023-07-06,6,16.2,Store,Cash,Some(0.05),15.389999999999999,"0.05"
2023-03-16,Wine - Fume Blanc Fetzer,2023-06-04,14,93.19,App,Visa,Some(0.11),82.9391,"0.15 & 0.07"
2023-04-21,Beef - Salted,2023-07-11,1,83.46,App,Visa,Some(0.05),79.28699999999999,"0.05 & 0.05"
2023-04-09,Pastry - French Mini Assorted,2023-05-05,6,220.44,Store,Cash,Some(0.025),214.929,"0.05 & 0.0"
2023-05-11,Liners - Baking Cups,2023-08-05,4,1.45,App,Visa,Some(0.05),1.3775,"0.05 & 0.05"
2023-04-30,Cookie - Oatmeal,2023-05-13,8,67.93,App,Visa,Some(0.55),30.5685,"1.0 & 0.1"
2023-04-09,Pastry - Banana Tea Loaf,2023-05-20,7,174.86,App,Visa,Some(0.07500000000000001),161.74550000000002,"0.1 & 0.05"
2023-03-23,Broom And Brush Rack Black,2023-03-31,12,236.64,Store,Visa,Some(1.035),-8.282399999999981,"2.0 & 0.07"
2023-05-05,Fish - Bones,2023-07-06,5,194.87,Store,Cash,None,194.87,""
2023-04-22,Pie Shell - 5,2023-05-01,7,182.98,Store,Visa,Some(1.025),-4.574499999999984,"2.0 & 0.05"
2023-04-05,Wine - White Colubia Cresh,2023-04-23,16,142.82,App,Visa,Some(0.6),57.128,"1.0 & 0.2"
2023-04-30,Celery Root,2023-05-08,10,6.28,App,Visa,Some(1.05),-0.3140000000000003,"2.0 & 0.1"
2023-03-22,Longos - Greek Salad,2023-06-11,8,86.7,App,Visa,Some(0.07500000000000001),80.1975,"0.1 & 0.05"
2023-03-13,Puree - Raspberry,2023-03-19,16,13.46,Store,Cash,Some(1.05),-0.6730000000000006,"2.0 & 0.1"
2023-04-11,Calvados - Boulard,2023-04-13,4,228.68,App,Visa,Some(1.025),-5.71699999999998,"2.0 & 0.05"
2023-04-14,Scampi Tail,2023-06-21,14,187.9,Store,Cash,Some(0.07),174.74699999999999,"0.07"
2023-04-20,Island Oasis - Ice Cream Mix,2023-05-15,10,123.17,App,Visa,Some(0.085),112.70055,"0.1 & 0.07"
2023-05-01,Plasticforkblack,2023-07-17,17,162.91,Store,Cash,Some(0.1),146.619,"0.1"
2023-03-18,Bread - 10 Grain Parisian,2023-04-13,3,228.82,Store,Cash,Some(0.0),228.82,"0.0"
2023-03-27,Kale - Red,2023-04-11,4,218.31,Store,Cash,Some(1.0),0.0,"1.0"
2023-03-13,Wine - Casillero Deldiablo,2023-05-27,7,22.82,Store,Cash,Some(0.05),21.679,"0.05 & 0.05"
2023-04-08,Maintenance Removal Charge,2023-05-19,16,197.57,Store,Cash,Some(0.1),177.813,"0.1"
2023-03-18,Tea - Mint,2023-04-18,13,156.99,Store,Cash,Some(0.07),146.0007,"0.07"
2023-04-22,Cookie - Oreo 100x2,2023-05-03,16,145.35,App,Visa,Some(0.6),58.14,"1.0 & 0.2"
2023-05-11,Compound - Pear,2023-06-15,12,16.86,Store,Cash,Some(0.07),15.679799999999998,"0.07"
2023-04-09,The Pop Shoppe Pinapple,2023-06-24,15,28.4,Store,Visa,Some(0.07500000000000001),26.27,"0.1 & 0.05"
2023-04-11,Tarragon - Primerba Paste,2023-05-04,12,4.44,Store,Visa,Some(0.060000000000000005),4.1736,"0.07 & 0.05"
2023-04-24,Straw - Regular,2023-05-19,13,167.1,Store,Cash,Some(0.035),161.2515,"0.07 & 0.0"
2023-03-22,Mussels - Cultivated,2023-04-28,9,155.12,Store,Visa,Some(0.05),147.364,"0.05 & 0.05"
2023-04-15,Beef - Top Butt Aaa,2023-05-29,7,75.8,App,Visa,Some(0.07500000000000001),70.115,"0.1 & 0.05"
2023-04-23,Beer - Sleemans Honey Brown,2023-04-28,9,195.62,Store,Visa,Some(1.025),-4.8904999999999825,"2.0 & 0.05"
2023-04-26,Bread - Pumpernickle Rounds,2023-04-29,16,30.8,Store,Cash,Some(1.05),-1.5400000000000014,"2.0 & 0.1"
2023-04-08,Cheese - Cheddar With Claret,2023-06-09,12,171.33,Store,Cash,Some(0.085),156.76695,"0.1 & 0.07"
2023-04-25,Orange Roughy 6/8 Oz,2023-07-06,3,144.86,Store,Cash,None,144.86,""
2023-05-11,Quiche Assorted,2023-06-19,13,194.39,Store,Cash,Some(0.07),180.78269999999998,"0.07"
2023-05-09,Cherries - Fresh,2023-07-27,9,86.3,App,Visa,Some(0.07500000000000001),79.8275,"0.1 & 0.05"
2023-04-01,Appetizer - Cheese Bites,2023-05-24,6,127.16,App,Visa,Some(0.07500000000000001),117.623,"0.1 & 0.05"
2023-04-05,Wine - Barossa Valley Estate,2023-07-04,16,166.47,Store,Visa,Some(0.07500000000000001),153.98475000000002,"0.1 & 0.05"
2023-04-30,External Supplier,2023-06-15,10,177.68,App,Visa,Some(0.085),162.5772,"0.1 & 0.07"
2023-03-17,The Pop Shoppe Pinapple,2023-04-06,1,62.58,App,Visa,Some(0.525),29.725499999999997,"1.0 & 0.05"
2023-04-05,Wine - Red Gallo Merlot,2023-05-10,15,210.55,Store,Visa,Some(0.07500000000000001),194.75875000000002,"0.1 & 0.05"
2023-03-20,Beef - Top Butt Aaa,2023-05-06,3,103.91,Store,Cash,None,103.91,""
2023-04-12,Yoghurt Tubes,2023-04-28,3,172.6,Store,Cash,Some(1.0),0.0,"1.0"
2023-04-24,Fudge - Chocolate Fudge,2023-07-23,4,9.43,Store,Visa,Some(0.05),8.958499999999999,"0.05"
2023-04-15,Pickles - Gherkins,2023-06-11,3,187.3,Store,Cash,None,187.3,""
2023-03-25,Chef Hat 25cm,2023-04-02,10,126.81,Store,Visa,Some(1.035),-4.43834999999999,"2.0 & 0.07"
2023-03-20,Wheat - Soft Kernal Of Wheat,2023-05-13,4,132.78,Store,Cash,None,132.78,""
2023-03-25,Soup - Campbells Chili Veg,2023-06-02,14,88.34,Store,Cash,Some(0.07),82.1562,"0.07"
2023-04-01,Bread - Granary Small Pull,2023-05-04,13,149.45,Store,Visa,Some(0.060000000000000005),140.48299999999998,"0.07 & 0.05"
2023-03-26,Bananas,2023-06-05,13,103.36,Store,Visa,Some(0.060000000000000005),97.1584,"0.07 & 0.05"
2023-04-01,Glaze - Apricot,2023-05-16,16,29.3,Store,Cash,Some(0.1),26.37,"0.1"
2023-04-02,Wine - Taylors Reserve,2023-06-20,16,51.5,Store,Visa,Some(0.07500000000000001),47.6375,"0.1 & 0.05"
2023-03-31,Cheese - Havarti Salsa,2023-05-09,7,37.1,Store,Cash,Some(0.07500000000000001),34.3175,"0.1 & 0.05"
2023-05-11,Nori Sea Weed - Gold Label,2023-06-30,15,217.08,App,Visa,Some(0.125),189.94500000000002,"0.15 & 0.1"
2023-03-23,Wine La Vielle Ferme Cote Du,2023-05-01,16,179.99,Store,Cash,Some(0.05),170.9905,"0.1 & 0.0"
2023-04-22,Coffee - Frthy Coffee Crisp,2023-06-05,11,155.69,App,Visa,Some(0.11),138.5641,"0.15 & 0.07"
2023-04-20,Marjoram - Dried Rubbed,2023-06-13,2,25.33,App,Visa,Some(0.05),24.063499999999998,"0.05 & 0.05"
2023-05-09,The Pop Shoppe Pinapple,2023-05-19,16,148.54,Store,Cash,Some(1.05),-7.427000000000006,"2.0 & 0.1"
2023-04-09,Crawfish,2023-04-22,11,173.66,Store,Cash,Some(0.535),80.75189999999999,"1.0 & 0.07"
2023-04-06,Pork - Bacon Double Smoked,2023-06-22,2,108.18,Store,Visa,Some(0.05),102.771,"0.05"
2023-05-08,Beer - Upper Canada Light,2023-06-09,3,137.12,App,Visa,Some(0.05),130.264,"0.05 & 0.05"
2023-05-02,Napkin - Beverge White 2 - Ply,2023-06-05,12,133.32,App,Visa,Some(0.11),118.6548,"0.15 & 0.07"
2023-03-13,Wine - Vineland Estate Semi - Dry,2023-05-23,13,154.59,Store,Visa,Some(0.060000000000000005),145.31459999999998,"0.07 & 0.05"
2023-04-17,Scrubbie - Scotchbrite Hand Pad,2023-06-16,9,130.41,Store,Cash,Some(0.05),123.88949999999998,"0.05"
2023-04-03,Kellogs Raisan Bran Bars,2023-05-04,1,49.13,Store,Visa,Some(0.05),46.6735,"0.05"
2023-04-29,Wine - Rubyport,2023-05-14,10,236.91,App,Visa,Some(0.55),106.60949999999998,"1.0 & 0.1"
2023-03-15,Pumpkin,2023-03-24,7,154.67,Store,Visa,Some(1.025),-3.866749999999986,"2.0 & 0.05"
2023-05-11,Brandy Cherry - Mcguinness,2023-06-23,10,118.87,App,Visa,Some(0.085),108.76605,"0.1 & 0.07"
2023-03-17,Wine - Soave Folonari,2023-03-28,1,123.96,Store,Cash,Some(0.525),58.88099999999999,"1.0 & 0.05"
2023-04-11,Tomatoes - Cherry,2023-06-13,6,22.32,Store,Cash,Some(0.05),21.204,"0.05"
2023-04-05,Mousse - Banana Chocolate,2023-06-09,9,194.32,App,Visa,Some(0.07500000000000001),179.746,"0.1 & 0.05"
2023-03-13,Cheese - Brick With Pepper,2023-03-31,1,122.85,Store,Cash,Some(0.55),55.28249999999999,"1.0 & 0.1"
2023-04-03,Flour - Chickpea,2023-05-14,4,11.43,Store,Visa,Some(0.05),10.8585,"0.05"
2023-04-24,Tart Shells - Savory 2,2023-07-20,8,107.87,Store,Cash,Some(0.05),102.4765,"0.05"
2023-04-10,Clams - Bay,2023-04-17,8,225.63,App,Visa,Some(1.05),-11.28150000000001,"2.0 & 0.1"
2023-05-06,Honey - Comb,2023-06-14,13,122.33,Store,Cash,Some(0.07),113.76689999999999,"0.07"
2023-04-27,Thyme - Dried,2023-07-20,11,189.65,Store,Cash,Some(0.07),176.37449999999998,"0.07"
2023-05-04,V8 Splash Strawberry Kiwi,2023-07-02,12,222.58,Store,Cash,Some(0.07),206.9994,"0.07"
2023-04-13,Jameson Irish Whiskey,2023-06-30,17,100.98,App,Visa,Some(0.15000000000000002),85.833,"0.2 & 0.1"
2023-04-05,Lemonade - Pineapple Passion,2023-05-12,7,59.74,Store,Cash,Some(0.05),56.753,"0.05"
2023-03-16,Coconut - Creamed Pure,2023-04-11,14,179.51,App,Visa,Some(0.11),159.7639,"0.15 & 0.07"
2023-05-04,Pepper - Chillies Crushed,2023-07-08,14,177.57,App,Visa,Some(0.11),158.0373,"0.15 & 0.07"
2023-04-22,Petit Baguette,2023-06-01,2,184.09,App,Visa,Some(0.05),174.8855,"0.05 & 0.05"
2023-03-23,Juice - Apple 500 Ml,2023-04-19,1,148.21,Store,Cash,Some(0.0),148.21,"0.0"
2023-04-02,Onions - Spanish,2023-05-06,15,147.93,Store,Cash,Some(0.1),133.137,"0.1"
2023-03-16,Wine - Carmenere Casillero Del,2023-04-12,3,64.07,App,Visa,Some(0.05),60.86649999999999,"0.05 & 0.05"
2023-05-10,Chips Potato All Dressed - 43g,2023-06-08,16,34.82,Store,Cash,Some(0.05),33.079,"0.1 & 0.0"
2023-04-30,Pastrami,2023-07-19,1,153.31,Store,Cash,None,153.31,""
2023-04-29,Sobe - Green Tea,2023-07-28,6,43.28,Store,Visa,Some(0.05),41.116,"0.05 & 0.05"
2023-04-20,Cheese - La Sauvagine,2023-05-26,15,212.0,Store,Cash,Some(0.1),190.8,"0.1 & 0.1"
2023-03-15,Jicama,2023-05-05,10,236.23,Store,Cash,Some(0.07),219.69389999999999,"0.07"
2023-04-30,Wine - Sicilia Igt Nero Avola,2023-05-28,4,199.37,App,Visa,Some(0.05),189.4015,"0.05 & 0.05"
2023-03-13,Ginger - Crystalized,2023-05-09,6,112.72,Store,Cash,Some(0.05),107.08399999999999,"0.05"
2023-04-28,Blue Curacao - Marie Brizard,2023-06-05,13,83.43,Store,Visa,Some(0.060000000000000005),78.4242,"0.07 & 0.05"
2023-05-05,Pail - 15l White With Handle,2023-06-06,11,232.62,Store,Visa,Some(0.060000000000000005),218.6628,"0.07 & 0.05"
2023-04-06,Pork - Kidney,2023-06-01,17,190.32,Store,Cash,Some(0.1),171.288,"0.1"
2023-04-01,Table Cloth - 53x69 Colour,2023-06-16,3,3.83,App,Visa,Some(0.05),3.6385,"0.05 & 0.05"
2023-04-05,Ostrich - Prime Cut,2023-06-04,13,39.62,App,Visa,Some(0.11),35.2618,"0.15 & 0.07"
2023-03-25,Potatoes - Peeled,2023-06-22,3,110.03,Store,Cash,None,110.03,""
2023-03-27,Fish - Artic Char Cold Smoked,2023-05-17,1,135.58,Store,Visa,Some(0.05),128.80100000000002,"0.05"
2023-04-10,Oil - Canola,2023-05-24,12,171.54,Store,Visa,Some(0.060000000000000005),161.24759999999998,"0.07 & 0.05"
2023-04-28,Bread - English Muffin,2023-06-18,7,247.0,Store,Visa,Some(0.05),234.64999999999998,"0.05 & 0.05"
2023-03-15,Table Cloth 120 Round White,2023-06-02,17,114.51,App,Visa,Some(0.15000000000000002),97.3335,"0.2 & 0.1"
2023-05-03,Pork Ham Prager,2023-07-16,11,38.62,App,Visa,Some(0.11),34.3718,"0.15 & 0.07"
2023-03-18,Dc - Frozen Momji,2023-04-23,12,228.91,App,Visa,Some(0.11),203.7299,"0.15 & 0.07"
2023-04-06,Yeast Dry - Fermipan,2023-05-14,3,173.94,Store,Cash,None,173.94,""
2023-04-29,Veal Inside - Provimi,2023-07-28,11,4.73,Store,Cash,Some(0.07),4.3989,"0.07"
2023-04-07,Pepper - Chillies Crushed,2023-06-01,1,70.85,App,Visa,Some(0.05),67.30749999999999,"0.05 & 0.05"
2023-04-24,Chef Hat 20cm,2023-05-25,2,25.15,Store,Visa,Some(0.05),23.8925,"0.05"
2023-05-08,Oil - Olive Extra Virgin,2023-07-28,16,24.09,App,Visa,Some(0.15000000000000002),20.476499999999998,"0.2 & 0.1"
2023-04-01,Basil - Thai,2023-05-05,4,237.09,Store,Visa,Some(0.05),225.2355,"0.05"
2023-04-08,Fennel - Seeds,2023-06-12,6,216.99,Store,Cash,Some(0.05),206.1405,"0.05"
2023-04-12,Gingerale - Schweppes 355 Ml,2023-04-27,3,11.12,App,Visa,Some(0.525),5.281999999999999,"1.0 & 0.05"
2023-03-14,Duck - Whole,2023-05-06,17,161.92,Store,Cash,Some(0.1),145.72799999999998,"0.1"
2023-04-23,Truffle - Whole Black Peeled,2023-05-03,7,200.92,Store,Visa,Some(1.025),-5.022999999999982,"2.0 & 0.05"
2023-03-17,Lobak,2023-06-01,1,123.8,Store,Cash,None,123.8,""
2023-04-19,Pasta - Linguini Dry,2023-06-25,8,95.68,Store,Cash,Some(0.05),90.896,"0.05"
2023-04-29,Plate Foam Laminated 9in Blk,2023-05-13,10,214.18,Store,Cash,Some(0.535),99.5937,"1.0 & 0.07"
2023-03-14,Pasta - Penne Lisce Dry,2023-05-15,5,83.36,Store,Cash,None,83.36,""
2023-03-28,Chocolate - Milk Callets,2023-04-24,3,54.68,Store,Cash,Some(0.0),54.68,"0.0"
2023-04-01,Bagel - Ched Chs Presliced,2023-05-10,4,143.13,Store,Cash,None,143.13,""
2023-03-16,Horseradish Root,2023-03-22,14,140.21,App,Visa,Some(1.075),-10.515749999999993,"2.0 & 0.15"
2023-04-25,Bamboo Shoots - Sliced,2023-05-22,17,4.37,App,Visa,Some(0.15000000000000002),3.7145,"0.2 & 0.1"
2023-05-04,Sauce - Oyster,2023-08-02,1,171.96,Store,Visa,Some(0.05),163.362,"0.05"
2023-03-30,Cotton Wet Mop 16 Oz,2023-05-27,4,206.75,Store,Cash,None,206.75,""
2023-04-13,Cheese - Marble,2023-05-11,11,95.2,Store,Cash,Some(0.085),87.108,"0.1 & 0.07"
2023-04-11,Wine - Cotes Du Rhone Parallele,2023-05-04,7,249.5,App,Visa,Some(0.07500000000000001),230.78750000000002,"0.1 & 0.05"
2023-04-14,Mop Head - Cotton 24 Oz,2023-07-09,15,103.03,Store,Visa,Some(0.07500000000000001),95.30275,"0.1 & 0.05"
2023-04-24,Eggwhite Frozen,2023-07-15,14,239.98,Store,Visa,Some(0.060000000000000005),225.58119999999997,"0.07 & 0.05"
2023-04-08,Truffle Cups - Brown,2023-05-24,5,151.69,Store,Visa,Some(0.05),144.10549999999998,"0.05"
2023-04-17,Muskox - French Rack,2023-06-09,10,61.34,App,Visa,Some(0.085),56.12610000000001,"0.1 & 0.07"
2023-05-10,Sprite Diet - 355ml,2023-05-15,17,4.52,Store,Cash,Some(1.05),-0.22600000000000017,"2.0 & 0.1"
2023-03-31,Burger Veggie,2023-06-20,10,119.32,Store,Visa,Some(0.060000000000000005),112.16079999999998,"0.07 & 0.05"
2023-04-25,Food Colouring - Orange,2023-06-22,12,110.22,App,Visa,Some(0.11),98.0958,"0.15 & 0.07"
2023-04-09,Truffle Cups - White Paper,2023-05-30,11,191.82,App,Visa,Some(0.11),170.7198,"0.15 & 0.07"
2023-05-04,Ostrich - Prime Cut,2023-07-01,7,249.79,App,Visa,Some(0.07500000000000001),231.05575000000002,"0.1 & 0.05"
2023-04-04,Sole - Iqf,2023-06-24,17,235.06,App,Visa,Some(0.15000000000000002),199.801,"0.2 & 0.1"
2023-05-06,Muffin Batt - Carrot Spice,2023-06-14,3,43.01,Store,Cash,None,43.01,""
2023-03-18,Pork - Chop Frenched,2023-04-29,11,56.66,Store,Cash,Some(0.07),52.693799999999996,"0.07"
2023-05-07,Bread - Roll Whole Wheat,2023-05-31,9,163.09,Store,Visa,Some(0.05),154.9355,"0.05 & 0.05"
2023-04-02,Island Oasis - Peach Daiquiri,2023-05-17,15,199.42,Store,Visa,Some(0.07500000000000001),184.4635,"0.1 & 0.05"
2023-04-17,Cheese - Gouda,2023-05-18,1,214.08,App,Visa,Some(0.07500000000000001),198.02400000000003,"0.1 & 0.05"
2023-04-06,Food Colouring - Green,2023-06-18,3,244.82,App,Visa,Some(0.05),232.57899999999998,"0.05 & 0.05"
2023-03-27,Bread - White Sliced,2023-06-13,11,3.7,App,Visa,Some(0.11),3.293,"0.15 & 0.07"
2023-05-01,Parsley - Fresh,2023-07-20,12,174.57,App,Visa,Some(0.11),155.3673,"0.15 & 0.07"
2023-03-22,Pop - Club Soda Can,2023-04-26,2,199.86,Store,Cash,None,199.86,""
2023-04-06,Muffin Hinge 117n,2023-07-03,3,23.57,App,Visa,Some(0.05),22.3915,"0.05 & 0.05"
2023-03-31,Hipnotiq Liquor,2023-05-10,1,132.92,Store,Visa,Some(0.05),126.27399999999999,"0.05"
2023-03-18,Jameson - Irish Whiskey,2023-04-14,10,94.05,App,Visa,Some(0.085),86.05575,"0.1 & 0.07"
2023-03-19,Peas Snow,2023-05-06,12,201.55,Store,Cash,Some(0.07),187.4415,"0.07"
2023-03-14,Soup - Knorr Ministrone,2023-05-30,7,166.86,App,Visa,Some(0.07500000000000001),154.34550000000002,"0.1 & 0.05"
2023-04-26,Soup Campbells Split Pea And Ham,2023-07-25,6,88.86,App,Visa,Some(0.07500000000000001),82.19550000000001,"0.1 & 0.05"
2023-03-17,Beef - Ox Tongue,2023-06-15,9,41.68,Store,Visa,Some(0.05),39.596,"0.05 & 0.05"
2023-04-14,Water - Aquafina Vitamin,2023-05-05,3,173.65,Store,Cash,Some(0.0),173.65,"0.0"
2023-05-12,Sesame Seed,2023-06-22,5,227.34,Store,Visa,Some(0.05),215.97299999999998,"0.05"
2023-03-17,Wine - Soave Folonari,2023-05-10,11,158.85,Store,Visa,Some(0.060000000000000005),149.319,"0.07 & 0.05"
2023-04-25,Pork - Ham Hocks - Smoked,2023-07-16,6,142.45,App,Visa,Some(0.07500000000000001),131.76624999999999,"0.1 & 0.05"
2023-03-31,Cheese - Woolwich Goat Log,2023-06-02,15,213.3,Store,Cash,Some(0.1),191.97000000000003,"0.1 & 0.1"
2023-04-14,Bread - Roll Calabrese,2023-07-04,11,21.13,App,Visa,Some(0.11),18.805699999999998,"0.15 & 0.07"
2023-03-27,Pork - Smoked Back Bacon,2023-04-26,10,221.82,App,Visa,Some(0.085),202.9653,"0.1 & 0.07"
2023-03-20,Compound - Raspberry,2023-05-17,17,105.46,Store,Visa,Some(0.07500000000000001),97.5505,"0.1 & 0.05"
2023-03-15,Mousse - Banana Chocolate,2023-06-04,5,117.79,App,Visa,Some(0.05),111.9005,"0.05 & 0.05"
2023-04-20,Flour - Chickpea,2023-05-07,6,175.29,Store,Visa,Some(0.525),83.26275,"1.0 & 0.05"
2023-03-27,Wine - Baron De Rothschild,2023-05-14,16,230.14,Store,Cash,Some(0.07500000000000001),212.8795,"0.1 & 0.05"
2023-05-11,Tart Shells - Savory 3,2023-08-08,10,91.41,App,Visa,Some(0.085),83.64015,"0.1 & 0.07"
2023-03-15,Gelatine Leaves - Envelopes,2023-06-07,4,154.74,Store,Cash,None,154.74,""
2023-05-03,Soup - Campbells Beef Barley,2023-05-25,7,11.2,App,Visa,Some(0.07500000000000001),10.36,"0.1 & 0.05"
2023-03-20,Sugar - Sweet N Low Individual,2023-03-24,1,176.87,Store,Cash,Some(2.0),-176.87,"2.0"
2023-04-05,Flour - Fast / Rapid,2023-05-14,3,196.76,Store,Cash,None,196.76,""
2023-05-09,Flower - Leather Leaf Fern,2023-07-27,8,108.89,Store,Cash,Some(0.05),103.4455,"0.05"
2023-03-21,Potatoes - Mini Red,2023-06-14,17,19.03,Store,Cash,Some(0.1),17.127000000000002,"0.1"
2023-03-16,Cheese - Brick With Pepper,2023-04-10,7,179.52,App,Visa,Some(0.1),161.568,"0.1 & 0.1"
2023-03-30,Tea - Decaf 1 Cup,2023-04-15,5,44.48,Store,Cash,Some(1.0),0.0,"1.0"
2023-04-02,Wine - Prosecco Valdobienne,2023-04-25,12,175.86,App,Visa,Some(0.11),156.51540000000003,"0.15 & 0.07"
2023-03-18,Wonton Wrappers,2023-05-06,17,245.21,App,Visa,Some(0.15000000000000002),208.4285,"0.2 & 0.1"
2023-03-23,Oranges,2023-04-30,16,168.9,App,Visa,Some(0.15000000000000002),143.565,"0.2 & 0.1"
2023-05-01,Vodka - Smirnoff,2023-05-19,6,22.11,Store,Cash,Some(0.525),10.50225,"1.0 & 0.05"
2023-05-11,Doilies - 7 Paper,2023-06-20,14,114.09,App,Visa,Some(0.11),101.54010000000001,"0.15 & 0.07"
2023-04-26,Sauce - Vodka Blush,2023-06-17,17,11.78,App,Visa,Some(0.15000000000000002),10.013,"0.2 & 0.1"
2023-03-28,Fruit Salad Deluxe,2023-06-14,12,121.28,Store,Cash,Some(0.07),112.79039999999999,"0.07"
2023-03-20,Tray - 16in Rnd Blk,2023-05-09,6,167.8,Store,Visa,Some(0.05),159.41,"0.05 & 0.05"
2023-04-17,Shallots,2023-07-12,6,193.62,App,Visa,Some(0.07500000000000001),179.0985,"0.1 & 0.05"
2023-05-12,Lobak,2023-05-28,2,62.86,App,Visa,Some(0.525),29.8585,"1.0 & 0.05"
2023-04-24,The Pop Shoppe - Black Cherry,2023-06-03,7,56.81,Store,Cash,Some(0.05),53.9695,"0.05"
2023-05-12,Cheese - Le Cru Du Clocher,2023-05-22,6,66.27,Store,Cash,Some(1.05),-3.3135000000000026,"2.0 & 0.1"
2023-03-19,Bread - Sticks Thin Plain,2023-04-16,10,187.56,App,Visa,Some(0.085),171.6174,"0.1 & 0.07"
2023-03-14,Assorted Desserts,2023-03-23,7,15.94,Store,Visa,Some(1.025),-0.3984999999999986,"2.0 & 0.05"
2023-03-27,Shrimp - 31/40,2023-06-04,17,127.13,App,Visa,Some(0.15000000000000002),108.06049999999999,"0.2 & 0.1"
2023-04-02,Appetizer - Shrimp Puff,2023-04-08,16,12.4,Store,Cash,Some(1.05),-0.6200000000000006,"2.0 & 0.1"
2023-03-28,Shortbread - Cookie Crumbs,2023-04-28,6,105.47,Store,Cash,Some(0.05),100.1965,"0.05"
2023-05-11,Sausage - Meat,2023-07-28,1,234.17,Store,Cash,None,234.17,""
2023-04-13,Raspberries - Frozen,2023-05-18,9,193.27,Store,Cash,Some(0.05),183.6065,"0.05"
2023-03-19,Carbonated Water - Lemon Lime,2023-04-03,3,17.15,Store,Cash,Some(1.0),0.0,"1.0"
2023-05-08,Cookie Dough - Oatmeal Rasin,2023-05-28,1,221.69,Store,Visa,Some(0.525),105.30274999999999,"1.0 & 0.05"
2023-05-11,Coffee Cup 16oz Foam,2023-07-15,12,188.64,Store,Cash,Some(0.07),175.43519999999998,"0.07"
2023-04-14,Cheese - Swiss,2023-05-20,8,197.96,Store,Visa,Some(0.07500000000000001),183.11300000000003,"0.1 & 0.05"
2023-03-24,Flour - Whole Wheat,2023-06-13,15,230.0,Store,Cash,Some(0.1),207.0,"0.1"
2023-03-26,Tobasco Sauce,2023-04-01,1,158.62,Store,Visa,Some(1.025),-3.965499999999986,"2.0 & 0.05"
2023-04-06,Vegetable - Base,2023-05-19,4,7.2,Store,Visa,Some(0.05),6.84,"0.05"
2023-04-12,Macaroons - Two Bite Choc,2023-06-02,4,180.79,Store,Visa,Some(0.05),171.7505,"0.05"
2023-04-10,Iced Tea - Lemon 460 Ml,2023-04-23,13,7.96,Store,Cash,Some(0.535),3.7013999999999996,"1.0 & 0.07"
2023-04-10,Cookie Chocolate Chip With,2023-05-21,3,101.45,Store,Cash,None,101.45,""
2023-04-19,Wine - Chardonnay Mondavi,2023-06-11,8,62.95,App,Visa,Some(0.07500000000000001),58.228750000000005,"0.1 & 0.05"
2023-03-14,Kale - Red,2023-06-01,17,125.13,Store,Visa,Some(0.07500000000000001),115.74525,"0.1 & 0.05"
2023-04-05,Chevere Logs,2023-06-06,6,99.87,App,Visa,Some(0.07500000000000001),92.37975000000002,"0.1 & 0.05"
2023-04-10,Fondant - Icing,2023-06-17,8,161.12,Store,Visa,Some(0.05),153.064,"0.05 & 0.05"
2023-04-02,Table Cloth 53x53 White,2023-04-20,8,245.07,Store,Cash,Some(0.525),116.40825,"1.0 & 0.05"
2023-04-20,Soup - Campbells Asian Noodle,2023-05-14,2,213.54,Store,Visa,Some(0.025),208.20149999999998,"0.05 & 0.0"
2023-04-14,Pate - Cognac,2023-07-13,12,223.77,Store,Cash,Some(0.07),208.1061,"0.07"
2023-04-30,Turnip - White,2023-07-12,1,239.67,Store,Cash,None,239.67,""
2023-04-06,Cheese - Woolwich Goat Log,2023-05-10,6,153.26,Store,Cash,Some(0.07500000000000001),141.7655,"0.1 & 0.05"
2023-04-23,Oil - Shortening - All - Purpose,2023-07-13,17,145.27,App,Visa,Some(0.15000000000000002),123.4795,"0.2 & 0.1"
2023-04-23,Thyme - Fresh,2023-06-20,3,29.72,Store,Cash,None,29.72,""
2023-05-04,Hagen Daza - Dk Choocolate,2023-05-08,15,122.94,Store,Visa,Some(1.05),-6.147000000000006,"2.0 & 0.1"
2023-03-26,Yoplait - Strawbrasp Peac,2023-06-15,5,69.06,App,Visa,Some(0.05),65.607,"0.05 & 0.05"
2023-04-20,Cream - 35%,2023-07-03,7,203.34,App,Visa,Some(0.07500000000000001),188.08950000000002,"0.1 & 0.05"
2023-03-18,Lemon Balm - Fresh,2023-05-28,14,58.77,App,Visa,Some(0.11),52.3053,"0.15 & 0.07"
2023-04-07,Cheese - Grie Des Champ,2023-05-10,6,40.56,Store,Visa,Some(0.07500000000000001),37.518,"0.1 & 0.05"
2023-03-30,Stock - Beef White,2023-05-02,9,60.72,Store,Cash,Some(0.05),57.684,"0.05"
2023-03-26,Onions - Cippolini,2023-04-10,4,161.28,App,Visa,Some(0.525),76.60799999999999,"1.0 & 0.05"
2023-04-25,Beef - Tender Tips,2023-05-01,3,5.69,Store,Visa,Some(1.025),-0.14224999999999952,"2.0 & 0.05"
2023-03-18,Beer - Guiness,2023-03-19,16,232.34,Store,Cash,Some(1.05),-11.61700000000001,"2.0 & 0.1"
2023-03-15,Soup - Campbells Beef Stew,2023-05-22,2,208.53,App,Visa,Some(0.05),198.1035,"0.05 & 0.05"
2023-04-04,Soup - Chicken And Wild Rice,2023-06-17,12,126.06,Store,Cash,Some(0.07),117.2358,"0.07"
2023-03-16,Ice Cream - Life Savers,2023-06-14,13,6.12,Store,Visa,Some(0.060000000000000005),5.7528,"0.07 & 0.05"
2023-05-03,Pork - Backfat,2023-06-06,3,209.35,Store,Cash,None,209.35,""
2023-05-08,Pecan Raisin - Tarts,2023-05-27,14,122.75,Store,Cash,Some(0.535),57.07875,"1.0 & 0.07"
2023-04-16,Brocolinni - Gaylan Chinese,2023-04-27,6,111.13,Store,Cash,Some(0.525),52.78675,"1.0 & 0.05"
2023-04-25,Cheese - Manchego Spanish,2023-06-02,15,7.6,App,Visa,Some(0.125),6.6499999999999995,"0.15 & 0.1"
2023-04-26,Mustard - Pommery,2023-07-09,14,125.39,Store,Cash,Some(0.07),116.61269999999999,"0.07"
2023-04-01,Potatoes - Mini Red,2023-06-28,11,225.48,Store,Visa,Some(0.060000000000000005),211.95119999999997,"0.07 & 0.05"
2023-03-26,Pastry - Carrot Muffin - Mini,2023-04-24,6,241.17,Store,Cash,Some(0.025),235.14074999999997,"0.05 & 0.0"
2023-04-20,Sparkling Wine - Rose Freixenet,2023-04-26,15,245.79,Store,Cash,Some(1.05),-12.289500000000011,"2.0 & 0.1"
2023-04-14,Jam - Blackberry 20 Ml Jar,2023-06-30,14,64.57,Store,Visa,Some(0.060000000000000005),60.69579999999999,"0.07 & 0.05"
2023-03-20,Stock - Fish,2023-05-14,12,94.25,App,Visa,Some(0.11),83.88250000000001,"0.15 & 0.07"
2023-04-10,Poppy Seed,2023-06-10,9,51.14,Store,Visa,Some(0.05),48.583,"0.05 & 0.05"
2023-05-04,Fond - Neutral,2023-07-06,15,108.81,Store,Visa,Some(0.07500000000000001),100.64925000000001,"0.1 & 0.05"
2023-03-17,Artichoke - Fresh,2023-05-08,14,219.95,App,Visa,Some(0.11),195.75549999999998,"0.15 & 0.07"
2023-03-13,Muffin - Zero Transfat,2023-04-24,3,127.44,Store,Cash,None,127.44,""
2023-03-13,Soup - Campbells Bean Medley,2023-06-10,16,162.4,App,Visa,Some(0.15000000000000002),138.04,"0.2 & 0.1"
2023-03-22,Canadian Emmenthal,2023-04-10,16,240.98,Store,Cash,Some(0.55),108.44099999999999,"1.0 & 0.1"
2023-04-10,Corn - On The Cob,2023-06-04,15,245.09,App,Visa,Some(0.125),214.45375,"0.15 & 0.1"
2023-03-26,Lamb Rack Frenched Australian,2023-05-03,1,138.86,Store,Visa,Some(0.05),131.917,"0.05"
2023-03-13,Pastry - Baked Cinnamon Stick,2023-05-13,17,166.51,Store,Visa,Some(0.07500000000000001),154.02175,"0.1 & 0.05"
2023-04-14,Tortillas - Flour 12,2023-05-03,6,49.16,App,Visa,Some(0.55),22.121999999999996,"1.0 & 0.1"
2023-04-03,Steampan - Lid For Half Size,2023-05-21,15,233.85,Store,Cash,Some(0.1),210.465,"0.1"
2023-04-05,Capon - Breast Double Wing On,2023-06-08,3,220.85,Store,Cash,None,220.85,""
2023-05-03,Loquat,2023-06-24,14,174.21,Store,Cash,Some(0.07),162.0153,"0.07"
2023-04-08,Juice - Ocean Spray Cranberry,2023-05-10,7,189.75,Store,Visa,Some(0.05),180.2625,"0.05 & 0.05"
2023-05-11,Beef - Inside Round,2023-06-23,7,1.36,Store,Cash,Some(0.05),1.292,"0.05"
2023-05-12,Pancetta,2023-07-13,6,181.83,Store,Visa,Some(0.05),172.73850000000002,"0.05 & 0.05"
2023-04-09,Garlic - Elephant,2023-04-19,17,132.65,Store,Cash,Some(1.05),-6.6325000000000065,"2.0 & 0.1"
2023-05-02,Ranchero - Primerba Paste,2023-07-01,8,162.54,App,Visa,Some(0.07500000000000001),150.3495,"0.1 & 0.05"
2023-04-02,Wine - Charddonnay Errazuriz,2023-05-15,3,92.21,Store,Visa,Some(0.05),87.59949999999999,"0.05 & 0.05"
2023-03-16,Potatoes - Peeled,2023-04-16,5,78.01,App,Visa,Some(0.05),74.1095,"0.05 & 0.05"
2023-04-28,Triple Sec - Mcguinness,2023-05-18,4,44.35,Store,Cash,Some(1.0),0.0,"1.0"
2023-04-06,Longos - Penne With Pesto,2023-04-14,15,186.92,Store,Cash,Some(1.05),-9.346000000000007,"2.0 & 0.1"
2023-03-22,Onions - Red Pearl,2023-05-16,2,208.6,Store,Visa,Some(0.05),198.17,"0.05"
2023-05-04,Pepper - Black Crushed,2023-07-02,16,152.4,Store,Visa,Some(0.07500000000000001),140.97,"0.1 & 0.05"
2023-04-01,Fond - Neutral,2023-06-02,11,103.06,App,Visa,Some(0.11),91.7234,"0.15 & 0.07"
2023-04-01,Beer - Paulaner Hefeweisse,2023-06-28,13,37.05,Store,Visa,Some(0.060000000000000005),34.827,"0.07 & 0.05"
2023-04-30,Sage Derby,2023-07-06,12,41.48,App,Visa,Some(0.11),36.9172,"0.15 & 0.07"
2023-03-14,Pasta - Fusili Tri - Coloured,2023-05-01,17,70.45,App,Visa,Some(0.15000000000000002),59.8825,"0.2 & 0.1"
2023-03-25,Lady Fingers,2023-03-28,13,223.14,App,Visa,Some(1.075),-16.735499999999988,"2.0 & 0.15"
2023-03-17,Pop - Club Soda Can,2023-05-06,7,128.83,Store,Cash,Some(0.05),122.38850000000001,"0.05"
2023-05-12,Cardamon Ground,2023-06-19,7,84.84,App,Visa,Some(0.07500000000000001),78.477,"0.1 & 0.05"
2023-04-01,Ice Cream - Life Savers,2023-04-06,5,53.47,Store,Visa,Some(1.025),-1.3367499999999952,"2.0 & 0.05"
2023-03-20,Five Alive Citrus,2023-03-27,4,51.52,Store,Visa,Some(1.025),-1.2879999999999956,"2.0 & 0.05"
2023-03-21,Bagel - 12 Grain Preslice,2023-06-03,7,169.41,Store,Visa,Some(0.05),160.93949999999998,"0.05 & 0.05"
2023-04-28,Cheese - Augre Des Champs,2023-07-16,15,113.75,Store,Cash,Some(0.1),102.375,"0.1 & 0.1"
2023-03-14,Chocolate - Milk Callets,2023-05-09,1,57.02,App,Visa,Some(0.05),54.169,"0.05 & 0.05"
2023-03-15,Tea Leaves - Oolong,2023-03-18,14,75.78,Store,Cash,Some(1.035),-2.652299999999994,"2.0 & 0.07"
2023-04-14,Chilli Paste Hot Sambal Oelek,2023-05-16,15,20.58,Store,Cash,Some(0.1),18.522,"0.1"
2023-04-09,Red Cod Fillets - 225g,2023-06-15,14,234.77,Store,Cash,Some(0.07),218.3361,"0.07"
2023-03-27,Fuji Apples,2023-05-10,14,130.74,Store,Cash,Some(0.07),121.5882,"0.07"
2023-05-03,Bread - Assorted Rolls,2023-07-01,2,214.24,Store,Cash,None,214.24,""
2023-04-23,Cocktail Napkin Blue,2023-06-11,3,5.02,Store,Cash,None,5.02,""
2023-04-24,Soup - French Onion Dry,2023-06-05,7,157.84,Store,Visa,Some(0.05),149.948,"0.05 & 0.05"
2023-03-29,Coffee - Irish Cream,2023-04-25,12,201.33,Store,Cash,Some(0.035),194.28345000000002,"0.07 & 0.0"
2023-03-17,Glycerine,2023-06-02,16,240.75,App,Visa,Some(0.15000000000000002),204.6375,"0.2 & 0.1"
2023-04-21,Lobster - Base,2023-06-18,6,232.62,Store,Cash,Some(0.05),220.989,"0.05"
2023-03-21,Milk - Skim,2023-04-01,16,82.01,Store,Visa,Some(0.55),36.9045,"1.0 & 0.1"
2023-04-26,Cookie Choc,2023-06-09,14,236.92,Store,Cash,Some(0.07),220.33559999999997,"0.07"
2023-04-28,Beer - Steamwhistle,2023-07-26,16,64.97,App,Visa,Some(0.15000000000000002),55.2245,"0.2 & 0.1"
2023-03-29,Spinach - Spinach Leaf,2023-06-18,4,71.74,Store,Cash,None,71.74,""
2023-03-15,Chinese Foods - Chicken Wing,2023-06-09,16,215.06,App,Visa,Some(0.15000000000000002),182.801,"0.2 & 0.1"
2023-05-03,Cranberries - Frozen,2023-05-11,9,215.56,Store,Cash,Some(1.025),-5.388999999999981,"2.0 & 0.05"
2023-04-13,Soup - Campbells Chili,2023-06-11,15,116.4,Store,Cash,Some(0.1),104.76,"0.1"
2023-05-11,General Purpose Trigger,2023-05-14,9,243.88,Store,Cash,Some(1.025),-6.096999999999978,"2.0 & 0.05"
2023-03-24,Liqueur Banana Ramazzotti,2023-03-26,13,131.39,App,Visa,Some(1.075),-9.854249999999993,"2.0 & 0.15"
2023-04-21,Bagelers,2023-06-13,16,202.73,Store,Cash,Some(0.1),182.457,"0.1"
2023-03-17,Chocolate Bar - Smarties,2023-05-03,6,36.23,Store,Visa,Some(0.05),34.418499999999995,"0.05 & 0.05"
2023-03-23,Longos - Greek Salad,2023-06-03,16,49.18,Store,Cash,Some(0.1),44.262,"0.1"
2023-04-28,Beer - Blue Light,2023-07-04,8,38.44,Store,Cash,Some(0.05),36.517999999999994,"0.05"
2023-05-07,Ice Cream - Super Sandwich,2023-07-07,16,63.29,App,Visa,Some(0.15000000000000002),53.796499999999995,"0.2 & 0.1"
2023-05-05,Bacardi Breezer - Tropical,2023-06-05,11,6.02,App,Visa,Some(0.11),5.3578,"0.15 & 0.07"
2023-04-07,Beef - Montreal Smoked Brisket,2023-05-27,15,214.75,App,Visa,Some(0.125),187.90625,"0.15 & 0.1"
2023-03-24,Sprouts Dikon,2023-05-18,11,198.74,Store,Cash,Some(0.07),184.8282,"0.07"
2023-03-13,Pasta - Bauletti Chicken White,2023-05-10,9,210.88,Store,Cash,Some(0.05),200.33599999999998,"0.05"
2023-04-08,Chicken - Ground,2023-04-29,12,91.7,Store,Cash,Some(0.035),88.4905,"0.07 & 0.0"
2023-04-10,Wine - White French Cross,2023-06-15,14,105.92,Store,Cash,Some(0.060000000000000005),99.56479999999999,"0.07 & 0.05"
2023-05-05,Appetizer - Tarragon Chicken,2023-06-18,12,217.6,Store,Cash,Some(0.07),202.368,"0.07"
2023-05-06,Phyllo Dough,2023-06-18,7,249.92,Store,Cash,Some(0.05),237.42399999999998,"0.05"
2023-04-14,Cheese - Camembert,2023-05-21,6,75.17,App,Visa,Some(0.1),67.653,"0.1 & 0.1"
2023-05-01,Jam - Raspberry,2023-05-30,3,71.6,Store,Cash,Some(0.0),71.6,"0.0"
2023-05-12,Wine - Pinot Noir Mondavi Coastal,2023-05-16,15,114.42,Store,Cash,Some(1.05),-5.721000000000005,"2.0 & 0.1"
2023-05-04,Creamers - 10%,2023-07-13,16,182.77,App,Visa,Some(0.15000000000000002),155.3545,"0.2 & 0.1"
2023-03-20,Wine - Chablis 2003 Champs,2023-05-26,10,88.12,Store,Cash,Some(0.060000000000000005),82.8328,"0.07 & 0.05"
2023-03-19,Wine - Rosso Del Veronese Igt,2023-06-17,10,110.96,Store,Cash,Some(0.060000000000000005),104.30239999999999,"0.07 & 0.05"
2023-04-25,Filter - Coffee,2023-06-27,12,48.79,Store,Visa,Some(0.060000000000000005),45.86259999999999,"0.07 & 0.05"
2023-03-13,Ice Cream Bar - Oreo Sandwich,2023-04-15,7,233.66,Store,Cash,Some(0.05),221.97699999999998,"0.05"
2023-03-23,Ham - Proscuitto,2023-06-13,14,162.01,Store,Visa,Some(0.060000000000000005),152.28939999999997,"0.07 & 0.05"
2023-04-02,Juice - Apple 341 Ml,2023-04-06,9,65.97,App,Visa,Some(1.05),-3.298500000000003,"2.0 & 0.1"
2023-04-23,Magnotta Bel Paese Red,2023-06-28,4,9.69,App,Visa,Some(0.05),9.205499999999999,"0.05 & 0.05"
2023-04-12,Sauce Bbq Smokey,2023-05-21,1,111.91,Store,Cash,None,111.91,""
2023-03-14,Mix Pina Colada,2023-05-18,11,132.35,Store,Visa,Some(0.060000000000000005),124.40899999999999,"0.07 & 0.05"
2023-03-29,Chicken - Whole Roasting,2023-06-09,3,226.77,App,Visa,Some(0.05),215.4315,"0.05 & 0.05"
2023-04-29,Sprouts - Peppercress,2023-07-28,15,83.76,App,Visa,Some(0.125),73.29,"0.15 & 0.1"
2023-03-17,Sugar Thermometer,2023-06-08,9,35.86,Store,Cash,Some(0.05),34.067,"0.05"
2023-05-02,Butter - Pod,2023-05-25,9,6.64,App,Visa,Some(0.07500000000000001),6.142,"0.1 & 0.05"
2023-05-12,Garam Marsala,2023-06-09,8,42.36,Store,Cash,Some(0.025),41.301,"0.05 & 0.0"
2023-05-08,Mudslide,2023-06-09,7,128.4,Store,Cash,Some(0.05),121.98,"0.05"
2023-03-17,Ecolab - Ster Bac,2023-06-03,7,127.84,Store,Visa,Some(0.05),121.448,"0.05 & 0.05"
2023-05-01,Noodles - Cellophane Thin,2023-07-14,17,171.0,Store,Cash,Some(0.1),153.9,"0.1"
2023-04-16,Appetizer - Southwestern,2023-06-30,11,124.86,Store,Cash,Some(0.07),116.1198,"0.07"
2023-04-21,Thyme - Dried,2023-06-29,3,85.66,App,Visa,Some(0.05),81.377,"0.05 & 0.05"
2023-04-19,Coffee - French Vanilla Frothy,2023-05-03,4,181.44,Store,Visa,Some(0.525),86.184,"1.0 & 0.05"
2023-04-09,Ecolab - Solid Fusion,2023-07-06,4,11.47,Store,Cash,None,11.47,""
2023-04-21,Sour Puss - Tangerine,2023-06-20,9,187.57,Store,Visa,Some(0.05),178.1915,"0.05 & 0.05"
2023-03-28,Napkin Colour,2023-06-01,3,95.55,Store,Cash,None,95.55,""
2023-03-16,Passion Fruit,2023-04-13,5,47.25,Store,Visa,Some(0.025),46.06875,"0.05 & 0.0"
2023-04-21,Beef - Tenderloin Tails,2023-06-25,6,216.68,App,Visa,Some(0.07500000000000001),200.429,"0.1 & 0.05"
2023-05-06,Calypso - Strawberry Lemonade,2023-05-28,8,136.78,App,Visa,Some(0.07500000000000001),126.5215,"0.1 & 0.05"
2023-05-03,Soupfoamcont12oz 112con,2023-07-21,13,60.32,Store,Visa,Some(0.060000000000000005),56.700799999999994,"0.07 & 0.05"
2023-03-14,Fudge - Cream Fudge,2023-03-23,12,225.99,App,Visa,Some(1.075),-16.949249999999992,"2.0 & 0.15"
2023-05-10,Gingerale - Diet - Schweppes,2023-05-23,10,193.2,Store,Visa,Some(0.535),89.838,"1.0 & 0.07"
2023-05-05,Trueblue - Blueberry 12x473ml,2023-07-19,3,51.38,Store,Cash,None,51.38,""
2023-04-20,Calypso - Black Cherry Lemonade,2023-05-12,12,8.31,Store,Cash,Some(0.035),8.01915,"0.07 & 0.0"
2023-05-07,Puree - Raspberry,2023-05-23,10,134.58,Store,Cash,Some(0.535),62.5797,"1.0 & 0.07"
2023-03-17,Pate - Cognac,2023-04-28,1,70.2,Store,Cash,None,70.2,""
2023-04-07,Hipnotiq Liquor,2023-06-04,16,22.23,Store,Cash,Some(0.1),20.007,"0.1"
2023-04-04,Icecream - Dstk Cml And Fdg,2023-04-12,3,184.39,Store,Cash,Some(2.0),-184.39,"2.0"
2023-04-23,Muffin Mix - Carrot,2023-05-12,12,228.89,Store,Visa,Some(0.535),106.43384999999999,"1.0 & 0.07"
2023-04-25,Mushroom - Morels Dry,2023-06-14,15,50.24,Store,Visa,Some(0.07500000000000001),46.472,"0.1 & 0.05"
2023-04-29,Foie Gras,2023-07-22,6,28.35,App,Visa,Some(0.07500000000000001),26.223750000000003,"0.1 & 0.05"
2023-04-02,Pepperoni Slices,2023-04-30,8,130.02,Store,Visa,Some(0.05),123.519,"0.05 & 0.05"
2023-03-13,Cake - Sheet Strawberry,2023-05-03,11,218.23,Store,Cash,Some(0.07),202.95389999999998,"0.07"
2023-04-25,Mahi Mahi,2023-05-22,6,17.81,App,Visa,Some(0.07500000000000001),16.474249999999998,"0.1 & 0.05"
2023-03-13,Beans - Yellow,2023-04-14,17,138.42,Store,Cash,Some(0.1),124.57799999999999,"0.1"
2023-04-17,Mushrooms - Honey,2023-06-05,4,144.18,App,Visa,Some(0.05),136.971,"0.05 & 0.05"
2023-04-23,Longos - Lasagna Beef,2023-05-27,12,236.92,Store,Cash,Some(0.07),220.33559999999997,"0.07"
2023-04-26,Food Colouring - Blue,2023-06-17,3,216.56,Store,Cash,None,216.56,""
2023-05-04,Veal - Provimi Inside,2023-07-01,14,166.26,Store,Cash,Some(0.07),154.62179999999998,"0.07"
2023-04-22,Olive - Spread Tapenade,2023-06-03,6,188.99,Store,Visa,Some(0.05),179.5405,"0.05 & 0.05"
2023-04-04,Foil - Round Foil,2023-04-29,9,135.32,Store,Cash,Some(0.025),131.93699999999998,"0.05 & 0.0"
2023-03-23,Scallops - U - 10,2023-04-29,16,15.66,Store,Cash,Some(0.1),14.094000000000001,"0.1"
2023-04-06,Bag - Bread White Plain,2023-05-10,16,108.67,Store,Cash,Some(0.1),97.803,"0.1"
2023-05-06,Carbonated Water - Raspberry,2023-07-21,6,111.15,App,Visa,Some(0.07500000000000001),102.81375000000001,"0.1 & 0.05"
2023-03-13,Wine - Segura Viudas Aria Brut,2023-04-12,12,70.29,Store,Visa,Some(0.060000000000000005),66.07260000000001,"0.07 & 0.05"
2023-04-22,Amarula Cream,2023-04-28,13,50.37,App,Visa,Some(1.075),-3.7777499999999975,"2.0 & 0.15"
2023-04-23,Salmon - Atlantic No Skin,2023-05-31,10,206.7,App,Visa,Some(0.085),189.13049999999998,"0.1 & 0.07"
2023-04-19,Sugar Thermometer,2023-06-14,14,196.59,Store,Cash,Some(0.07),182.8287,"0.07"
2023-04-03,Liqueur - Melon,2023-04-18,11,212.54,Store,Cash,Some(0.535),98.83109999999999,"1.0 & 0.07"
2023-04-25,Madeira,2023-07-18,14,129.0,Store,Cash,Some(0.07),119.97,"0.07"
2023-04-27,Flower - Commercial Spider,2023-07-09,4,134.57,Store,Visa,Some(0.05),127.84149999999998,"0.05"
2023-03-19,Capon - Breast Double Wing On,2023-05-23,6,32.99,App,Visa,Some(0.07500000000000001),30.515750000000004,"0.1 & 0.05"
2023-04-11,Smoked Tongue,2023-06-19,11,116.12,Store,Visa,Some(0.060000000000000005),109.1528,"0.07 & 0.05"
2023-04-17,Apple - Fuji,2023-05-17,2,236.66,App,Visa,Some(0.05),224.827,"0.05 & 0.05"
2023-04-20,Pork - Bacon Double Smoked,2023-06-26,17,160.41,App,Visa,Some(0.15000000000000002),136.3485,"0.2 & 0.1"
2023-04-27,Island Oasis - Peach Daiquiri,2023-06-14,8,21.59,App,Visa,Some(0.07500000000000001),19.970750000000002,"0.1 & 0.05"
2023-04-29,Pepper - Chipotle Canned,2023-06-15,1,82.75,Store,Cash,None,82.75,""
2023-04-25,Wine - Duboeuf Beaujolais,2023-07-09,8,231.85,Store,Cash,Some(0.05),220.2575,"0.05 & 0.05"
2023-04-08,Soup - Knorr Classic Can. Chili,2023-05-21,6,75.73,Store,Visa,Some(0.05),71.9435,"0.05 & 0.05"
2023-04-24,Water - Spring Water 355 Ml,2023-07-08,9,246.21,App,Visa,Some(0.07500000000000001),227.74425000000002,"0.1 & 0.05"
2023-03-23,Onions - Green,2023-05-02,17,71.44,App,Visa,Some(0.15000000000000002),60.724,"0.2 & 0.1"
2023-04-18,Rice - Jasmine Sented,2023-06-24,13,145.71,Store,Cash,Some(0.07),135.5103,"0.07"
2023-04-29,Snapple Lemon Tea,2023-07-03,13,90.59,Store,Visa,Some(0.060000000000000005),85.1546,"0.07 & 0.05"
2023-05-11,Nut - Cashews Whole Raw,2023-06-06,9,123.2,Store,Visa,Some(0.05),117.03999999999999,"0.05 & 0.05"
2023-04-07,Bread - Triangle White,2023-05-09,15,181.13,App,Visa,Some(0.125),158.48874999999998,"0.15 & 0.1"
2023-04-26,Pasta - Rotini Colour Dry,2023-07-17,4,200.73,Store,Visa,Some(0.05),190.69349999999997,"0.05"
2023-03-29,Milk - Skim,2023-04-10,4,230.51,Store,Cash,Some(1.0),0.0,"1.0"
2023-05-01,Beans - Green,2023-07-05,15,112.63,App,Visa,Some(0.125),98.55125,"0.15 & 0.1"
2023-04-21,Longos - Lasagna Beef,2023-05-14,9,247.62,Store,Cash,Some(0.025),241.4295,"0.05 & 0.0"
2023-04-27,Bread - Olive Dinner Roll,2023-06-04,8,2.23,App,Visa,Some(0.07500000000000001),2.06275,"0.1 & 0.05"
2023-03-19,Soup - French Can Pea,2023-06-09,10,86.47,Store,Visa,Some(0.060000000000000005),81.28179999999999,"0.07 & 0.05"
2023-03-16,Corn Meal,2023-03-17,16,24.53,Store,Cash,Some(1.05),-1.2265000000000013,"2.0 & 0.1"
2023-04-17,Jerusalem Artichoke,2023-06-15,4,203.16,Store,Visa,Some(0.05),193.00199999999998,"0.05"
2023-05-12,Ocean Spray - Kiwi Strawberry,2023-07-31,11,175.29,Store,Visa,Some(0.060000000000000005),164.77259999999998,"0.07 & 0.05"
2023-04-06,Silicone Parch. 16.3x24.3,2023-06-04,2,38.77,Store,Visa,Some(0.05),36.8315,"0.05"
2023-05-06,Sachet,2023-05-14,5,81.34,Store,Cash,Some(2.0),-81.34,"2.0"
2023-03-19,Spaghetti Squash,2023-03-30,9,10.77,Store,Cash,Some(0.525),5.115749999999999,"1.0 & 0.05"
2023-04-11,Coffee Beans - Chocolate,2023-06-02,12,102.37,Store,Visa,Some(0.060000000000000005),96.2278,"0.07 & 0.05"
2023-04-26,Bread - Flat Bread,2023-05-29,13,245.49,App,Visa,Some(0.11),218.48610000000002,"0.15 & 0.07"
2023-04-20,Egg Patty Fried,2023-05-02,7,182.62,Store,Cash,Some(0.525),86.7445,"1.0 & 0.05"
2023-04-09,Grenadillo,2023-07-08,7,70.22,App,Visa,Some(0.07500000000000001),64.9535,"0.1 & 0.05"
2023-03-30,Island Oasis - Peach Daiquiri,2023-06-04,13,67.7,Store,Cash,Some(0.07),62.961,"0.07"
2023-04-12,Marsala - Sperone Fine D.o.c.,2023-04-22,12,113.77,Store,Cash,Some(1.035),-3.9819499999999906,"2.0 & 0.07"
2023-04-28,Snapple - Mango Maddness,2023-05-06,1,111.28,Store,Cash,Some(2.0),-111.28,"2.0"
2023-03-21,Wine - Sake,2023-04-09,11,125.98,App,Visa,Some(0.575),53.541500000000006,"1.0 & 0.15"
2023-05-07,Bread - Sticks Thin Plain,2023-05-30,16,133.65,Store,Cash,Some(0.05),126.9675,"0.1 & 0.0"
2023-04-28,Sugar - Fine,2023-05-02,12,109.82,Store,Cash,Some(1.035),-3.843699999999991,"2.0 & 0.07"
2023-04-15,Snapple Lemon Tea,2023-06-16,1,237.89,Store,Cash,None,237.89,""
2023-04-24,Trout - Rainbow Fresh,2023-07-23,12,185.12,Store,Cash,Some(0.07),172.1616,"0.07"
2023-03-29,Chutney Sauce - Mango,2023-06-13,8,216.72,Store,Visa,Some(0.05),205.884,"0.05 & 0.05"
2023-04-01,Wine - Placido Pinot Grigo,2023-06-24,8,176.57,App,Visa,Some(0.07500000000000001),163.32725,"0.1 & 0.05"
2023-04-02,Lobster - Live,2023-04-29,13,186.23,Store,Cash,Some(0.035),179.71194999999997,"0.07 & 0.0"
2023-03-15,Pastry - Key Limepoppy Seed Tea,2023-03-20,4,112.38,Store,Visa,Some(1.025),-2.80949999999999,"2.0 & 0.05"
2023-03-19,Pepper - Julienne Frozen,2023-04-19,2,236.64,Store,Visa,Some(0.05),224.80799999999996,"0.05"
2023-04-28,Tomatoes,2023-06-16,14,8.53,App,Visa,Some(0.11),7.5916999999999994,"0.15 & 0.07"
2023-03-20,Water - Evian 355 Ml,2023-04-04,17,143.49,Store,Visa,Some(0.55),64.5705,"1.0 & 0.1"
2023-04-13,Beer - Maudite,2023-07-11,15,176.36,Store,Cash,Some(0.1),158.72400000000002,"0.1"
2023-05-01,Bouillion - Fish,2023-07-30,6,91.44,Store,Cash,Some(0.05),86.868,"0.05"
2023-04-13,Edible Flower - Mixed,2023-06-17,11,58.36,App,Visa,Some(0.11),51.9404,"0.15 & 0.07"
2023-04-13,Split Peas - Green Dry,2023-04-19,2,204.16,App,Visa,Some(1.025),-5.103999999999981,"2.0 & 0.05"
2023-05-05,Fib N9 - Prague Powder,2023-07-09,1,4.5,Store,Cash,None,4.5,""
2023-04-09,Pickle - Dill,2023-04-22,13,130.2,App,Visa,Some(0.575),55.335,"1.0 & 0.15"
2023-03-30,Truffle Cups - Red,2023-04-04,13,143.75,App,Visa,Some(1.075),-10.781249999999993,"2.0 & 0.15"
2023-04-13,Broom - Angled,2023-06-23,17,243.87,Store,Cash,Some(0.1),219.483,"0.1"
2023-03-30,Juice - Tomato 48 Oz,2023-06-26,6,15.79,Store,Visa,Some(0.05),15.000499999999999,"0.05 & 0.05"
2023-04-12,Sauce - Plum,2023-07-04,13,83.88,Store,Cash,Some(0.07),78.0084,"0.07"
2023-04-16,Wine - Red Cabernet Merlot,2023-05-26,5,185.28,Store,Visa,Some(0.05),176.016,"0.05 & 0.05"
2023-05-02,Cheese - Brie Cups 125g,2023-05-30,14,96.63,App,Visa,Some(0.125),84.55125,"0.15 & 0.1"
2023-03-26,Horseradish Root,2023-06-05,15,10.34,App,Visa,Some(0.125),9.0475,"0.15 & 0.1"
2023-04-23,Turnip - Wax,2023-06-15,15,94.8,Store,Cash,Some(0.1),85.32,"0.1"
2023-03-23,Cumin - Ground,2023-06-20,9,20.97,Store,Visa,Some(0.05),19.921499999999998,"0.05 & 0.05"
2023-04-02,Yogurt - Blueberry 175 Gr,2023-07-01,8,27.4,Store,Cash,Some(0.05),26.029999999999998,"0.05"
2023-04-06,Cinnamon Rolls,2023-04-17,5,71.47,Store,Visa,Some(0.525),33.948249999999994,"1.0 & 0.05"
2023-05-12,Wine - Vineland Estate Semi - Dry,2023-05-19,11,127.04,Store,Cash,Some(1.035),-4.44639999999999,"2.0 & 0.07"
2023-03-30,Dome Lid Clear P92008h,2023-04-19,2,122.41,Store,Cash,Some(1.0),0.0,"1.0"
2023-03-19,Beef - Cow Feet Split,2023-04-24,7,151.37,Store,Cash,Some(0.05),143.8015,"0.05"
2023-04-02,Mahi Mahi,2023-05-03,1,134.35,App,Visa,Some(0.05),127.6325,"0.05 & 0.05"
2023-03-27,Horseradish Root,2023-04-18,6,190.46,Store,Visa,Some(0.05),180.937,"0.05 & 0.05"
2023-04-21,Bread - Sour Batard,2023-07-14,5,140.94,App,Visa,Some(0.05),133.893,"0.05 & 0.05"
2023-04-15,Sprite Diet - 355ml,2023-06-11,16,135.29,App,Visa,Some(0.15000000000000002),114.99649999999998,"0.2 & 0.1"
2023-03-20,Eggplant Italian,2023-04-11,16,141.4,Store,Cash,Some(0.05),134.33,"0.1 & 0.0"
2023-04-13,Pasta - Bauletti Chicken White,2023-06-05,8,233.12,Store,Cash,Some(0.05),221.464,"0.05"
2023-05-01,Pastry - Key Limepoppy Seed Tea,2023-05-21,8,15.42,Store,Cash,Some(0.525),7.3245,"1.0 & 0.05"
2023-04-17,Veal - Tenderloin Untrimmed,2023-05-10,14,191.97,Store,Cash,Some(0.035),185.25105,"0.07 & 0.0"
2023-05-12,Bag - Regular Kraft 20 Lb,2023-07-03,11,24.42,App,Visa,Some(0.11),21.733800000000002,"0.15 & 0.07"
2023-04-11,Crackers - Soda / Saltins,2023-06-12,13,54.93,Store,Cash,Some(0.07),51.0849,"0.07"
2023-03-29,Oysters - Smoked,2023-06-01,17,103.28,Store,Cash,Some(0.1),92.952,"0.1"
2023-05-06,Water - Mineral Natural,2023-05-24,5,169.85,Store,Cash,Some(1.0),0.0,"1.0"
2023-03-21,Beef - Salted,2023-06-12,4,71.58,Store,Cash,None,71.58,""
2023-04-07,Wine - Baron De Rothschild,2023-05-25,1,62.44,App,Visa,Some(0.05),59.318,"0.05 & 0.05"
2023-05-12,Juice - Pineapple 341 Ml,2023-08-04,2,146.2,App,Visa,Some(0.05),138.89,"0.05 & 0.05"
2023-05-04,Ice Cream Bar - Oreo Sandwich,2023-05-18,5,111.87,Store,Visa,Some(0.525),53.13825,"1.0 & 0.05"
2023-04-07,Beef - Roasted Cooked,2023-05-11,14,41.46,Store,Cash,Some(0.07),38.5578,"0.07"
2023-03-29,Dates,2023-06-06,1,191.02,Store,Cash,None,191.02,""
2023-04-19,Spice - Onion Powder Granulated,2023-07-18,6,43.22,Store,Cash,Some(0.05),41.059,"0.05"
2023-04-11,Creme De Cacao White,2023-05-07,13,71.63,Store,Visa,Some(0.060000000000000005),67.33219999999999,"0.07 & 0.05"
2023-03-23,Oil - Olive,2023-05-30,7,11.72,Store,Cash,Some(0.05),11.134,"0.05"
2023-03-29,Wine - White Concha Y Toro,2023-04-14,8,116.44,Store,Visa,Some(0.525),55.309,"1.0 & 0.05"
2023-03-24,Wine - Bourgogne 2002 La,2023-05-03,2,164.81,Store,Cash,Some(0.05),156.5695,"0.05"
2023-04-17,Bread - Rye,2023-05-08,12,158.12,App,Visa,Some(0.11),140.7268,"0.15 & 0.07"
2023-03-24,Filter - Coffee,2023-04-19,10,103.78,App,Visa,Some(0.085),94.95870000000001,"0.1 & 0.07"
2023-05-12,Pasta - Lasagne Fresh,2023-06-30,16,179.14,Store,Cash,Some(0.1),161.226,"0.1"
2023-05-07,Gherkin,2023-06-15,5,176.37,Store,Cash,None,176.37,""
2023-04-22,Swordfish Loin Portions,2023-05-08,11,14.82,Store,Cash,Some(0.535),6.891299999999999,"1.0 & 0.07"
2023-05-02,Sausage - Chorizo,2023-07-31,15,38.38,App,Visa,Some(0.125),33.5825,"0.15 & 0.1"
2023-04-21,Sauce - Soy Low Sodium - 3.87l,2023-05-24,17,112.69,Store,Cash,Some(0.1),101.421,"0.1"
2023-04-18,Hinge W Undercut,2023-05-07,15,116.7,Store,Visa,Some(0.55),52.51499999999999,"1.0 & 0.1"
2023-04-15,Wine - Fino Tio Pepe Gonzalez,2023-07-08,11,121.46,App,Visa,Some(0.11),108.0994,"0.15 & 0.07"
2023-04-06,Container - Foam Dixie 12 Oz,2023-05-05,3,187.58,App,Visa,Some(0.05),178.201,"0.05 & 0.05"
2023-04-10,Pastry - Baked Cinnamon Stick,2023-05-04,11,226.12,Store,Cash,Some(0.035),218.2058,"0.07 & 0.0"
2023-04-28,Appetizer - Crab And Brie,2023-07-16,10,87.97,Store,Cash,Some(0.07),81.81209999999999,"0.07"
2023-05-07,Carbonated Water - White Grape,2023-05-28,14,241.26,Store,Cash,Some(0.035),232.81589999999997,"0.07 & 0.0"
2023-03-25,Wine - Vineland Estate Semi - Dry,2023-06-14,3,211.55,App,Visa,Some(0.05),200.9725,"0.05 & 0.05"
2023-04-02,Tomatoes - Yellow Hot House,2023-04-27,1,247.74,Store,Visa,Some(0.025),241.5465,"0.05 & 0.0"
2023-04-27,Ice Cream - Turtles Stick Bar,2023-06-03,4,21.62,App,Visa,Some(0.05),20.539,"0.05 & 0.05"
2023-05-01,Lobster - Canned Premium,2023-05-22,3,213.03,App,Visa,Some(0.05),202.3785,"0.05 & 0.05"
2023-03-26,Tomatoes - Heirloom,2023-05-28,7,36.84,Store,Visa,Some(0.05),34.998000000000005,"0.05 & 0.05"
2023-05-03,Bread - Sour Batard,2023-05-12,4,233.47,Store,Cash,Some(2.0),-233.47,"2.0"
2023-04-27,Cheese - Briedanish,2023-05-31,17,138.49,Store,Cash,Some(0.1),124.641,"0.1 & 0.1"
2023-05-10,Oil - Sunflower,2023-05-26,14,38.56,Store,Visa,Some(0.535),17.9304,"1.0 & 0.07"
2023-04-27,Milkettes - 2%,2023-07-11,17,166.49,Store,Cash,Some(0.1),149.841,"0.1"
2023-03-25,Mushroom - Shitake Dry,2023-05-11,6,205.6,Store,Visa,Some(0.05),195.32,"0.05 & 0.05"
2023-03-24,Langers - Ruby Red Grapfruit,2023-06-04,17,238.93,Store,Cash,Some(0.1),215.037,"0.1"
2023-05-07,Coffee - Frthy Coffee Crisp,2023-05-20,14,227.66,Store,Cash,Some(0.535),105.86189999999999,"1.0 & 0.07"
2023-03-30,Wine - Touraine Azay - Le - Rideau,2023-04-12,9,199.39,Store,Visa,Some(0.525),94.71024999999999,"1.0 & 0.05"
2023-03-25,Nantucket - 518ml,2023-05-26,13,164.42,App,Visa,Some(0.11),146.3338,"0.15 & 0.07"
2023-04-23,Bar Mix - Lime,2023-06-01,10,86.94,Store,Cash,Some(0.07),80.85419999999999,"0.07"
2023-04-02,Brandy Apricot,2023-06-27,5,94.28,Store,Cash,None,94.28,""
2023-05-09,Bread - English Muffin,2023-05-15,12,140.76,Store,Cash,Some(1.035),-4.926599999999988,"2.0 & 0.07"
2023-04-03,Chevril,2023-05-29,11,49.01,App,Visa,Some(0.11),43.6189,"0.15 & 0.07"
2023-04-28,Cocoa Feuilletine,2023-05-19,4,47.61,Store,Cash,Some(0.0),47.61,"0.0"
2023-03-18,Spinach - Packaged,2023-04-10,2,227.38,Store,Cash,Some(0.0),227.38,"0.0"
2023-05-11,Tea - Jasmin Green,2023-07-05,6,67.86,Store,Cash,Some(0.05),64.467,"0.05"
2023-05-06,The Pop Shoppe - Root Beer,2023-07-07,4,235.13,Store,Cash,None,235.13,""
2023-03-27,Onions - Cippolini,2023-06-02,15,178.41,App,Visa,Some(0.125),156.10875,"0.15 & 0.1"
2023-03-21,Wine - Magnotta - Cab Franc,2023-05-14,17,177.36,Store,Cash,Some(0.07500000000000001),164.05800000000002,"0.1 & 0.05"
2023-03-25,Chicken - Tenderloin,2023-04-26,15,96.03,Store,Cash,Some(0.1),86.427,"0.1"
2023-04-15,Scallops - 10/20,2023-07-10,4,34.29,Store,Cash,None,34.29,""
2023-03-20,Wine - Vovray Sec Domaine Huet,2023-05-12,3,156.18,Store,Cash,Some(0.05),148.371,"0.05"
2023-04-05,Lime Cordial - Roses,2023-05-19,11,207.53,App,Visa,Some(0.11),184.70170000000002,"0.15 & 0.07"
2023-05-10,Muffin Hinge 117n,2023-07-12,8,211.66,Store,Visa,Some(0.05),201.077,"0.05 & 0.05"
2023-04-28,Beer - True North Lager,2023-05-15,17,189.56,Store,Cash,Some(0.55),85.30199999999999,"1.0 & 0.1"
2023-03-19,Wine - Red Pinot Noir Chateau,2023-05-09,6,194.58,Store,Cash,Some(0.05),184.851,"0.05 & 0.05"
2023-03-28,Tomato Puree,2023-06-05,17,85.62,Store,Cash,Some(0.1),77.058,"0.1"
2023-04-17,Pork - Ham Virginia,2023-07-01,17,137.5,App,Visa,Some(0.15000000000000002),116.875,"0.2 & 0.1"
2023-04-03,Jerusalem Artichoke,2023-06-15,16,105.14,App,Visa,Some(0.15000000000000002),89.369,"0.2 & 0.1"
2023-04-20,Wine - Touraine Azay - Le - Rideau,2023-06-08,7,64.66,App,Visa,Some(0.07500000000000001),59.8105,"0.1 & 0.05"
2023-04-20,Corn - Cream Canned,2023-06-14,7,39.27,Store,Cash,Some(0.05),37.3065,"0.05"
2023-03-15,Banana - Green,2023-05-13,1,125.19,App,Visa,Some(0.05),118.9305,"0.05 & 0.05"
2023-03-26,Wine - White Ej,2023-05-29,15,212.16,App,Visa,Some(0.125),185.64,"0.15 & 0.1"
2023-04-14,Beer - Fruli,2023-06-27,13,246.13,App,Visa,Some(0.11),219.0557,"0.15 & 0.07"
2023-03-26,Wine - Casillero Del Diablo,2023-04-03,2,56.7,App,Visa,Some(1.025),-1.417499999999995,"2.0 & 0.05"
2023-03-13,Whmis Spray Bottle Graduated,2023-04-20,10,140.94,App,Visa,Some(0.085),128.9601,"0.1 & 0.07"
2023-04-02,Shrimp - 16 - 20 Cooked Peeled,2023-05-27,10,220.53,Store,Cash,Some(0.07),205.0929,"0.07"
2023-04-15,Water - Mineral Natural,2023-07-09,14,142.72,Store,Visa,Some(0.060000000000000005),134.1568,"0.07 & 0.05"
2023-03-30,Versatainer Nc - 8288,2023-06-22,7,82.05,Store,Cash,Some(0.05),77.94749999999999,"0.05"
2023-05-06,Wine - Tribal Sauvignon,2023-07-17,15,57.09,Store,Visa,Some(0.07500000000000001),52.80825000000001,"0.1 & 0.05"
2023-04-16,Beef - Diced,2023-05-17,12,210.3,Store,Cash,Some(0.07),195.579,"0.07"
2023-05-06,Wine - Shiraz South Eastern,2023-07-31,16,172.34,Store,Cash,Some(0.07500000000000001),159.4145,"0.1 & 0.05"
2023-04-07,Fruit Salad Deluxe,2023-06-11,14,141.24,App,Visa,Some(0.11),125.70360000000001,"0.15 & 0.07"
2023-04-06,Pepper - Paprika Spanish,2023-05-28,7,72.15,App,Visa,Some(0.07500000000000001),66.73875000000001,"0.1 & 0.05"
2023-04-29,Squid - Breaded,2023-06-07,6,2.65,Store,Cash,Some(0.05),2.5174999999999996,"0.05"
2023-03-19,Beef - Kobe Striploin,2023-04-29,5,229.73,Store,Cash,None,229.73,""
2023-04-28,Salmon - Atlantic No Skin,2023-07-09,13,83.34,Store,Visa,Some(0.060000000000000005),78.3396,"0.07 & 0.05"
2023-04-24,Juice - Cranberry 341 Ml,2023-07-09,6,31.89,App,Visa,Some(0.07500000000000001),29.498250000000002,"0.1 & 0.05"
2023-04-26,Skirt - 29 Foot,2023-07-02,7,6.35,App,Visa,Some(0.07500000000000001),5.87375,"0.1 & 0.05"
2023-03-17,Lamb - Whole Frozen,2023-04-04,9,240.21,Store,Cash,Some(0.525),114.09975,"1.0 & 0.05"
2023-04-10,Cheese - Havarti Roasted Garlic,2023-05-15,3,239.62,App,Visa,Some(0.07500000000000001),221.6485,"0.1 & 0.05"
2023-05-10,Cheese - Goat,2023-05-15,14,65.09,App,Visa,Some(1.075),-4.881749999999998,"2.0 & 0.15"
2023-03-27,Temperature Recording Station,2023-04-03,13,156.91,Store,Visa,Some(1.035),-5.491849999999987,"2.0 & 0.07"
2023-05-07,Blueberries - Frozen,2023-07-04,2,213.94,Store,Cash,None,213.94,""
2023-03-18,Shallots,2023-05-22,4,245.4,App,Visa,Some(0.05),233.13,"0.05 & 0.05"
2023-05-05,Bar Mix - Lemon,2023-05-30,6,109.11,Store,Visa,Some(0.05),103.6545,"0.05 & 0.05"
2023-04-16,Vinegar - Balsamic White,2023-05-18,3,128.55,Store,Visa,Some(0.05),122.1225,"0.05"
2023-03-28,Pepper - Chipotle Canned,2023-05-05,9,163.06,Store,Visa,Some(0.05),154.90699999999998,"0.05 & 0.05"
2023-04-22,Cheese - Marble,2023-05-12,3,40.72,Store,Cash,Some(0.55),18.323999999999998,"1.0 & 0.1"
2023-04-02,Sauce - Ranch Dressing,2023-04-05,5,138.93,App,Visa,Some(1.025),-3.4732499999999877,"2.0 & 0.05"
2023-03-17,Milk - Chocolate 250 Ml,2023-05-24,1,138.04,App,Visa,Some(0.05),131.13799999999998,"0.05 & 0.05"
2023-04-11,Soup - Base Broth Chix,2023-04-13,9,226.77,Store,Cash,Some(1.025),-5.66924999999998,"2.0 & 0.05"
2023-03-13,Beef - Kindney Whole,2023-04-04,11,175.49,App,Visa,Some(0.11),156.1861,"0.15 & 0.07"
2023-05-07,Bread - White Sliced,2023-06-21,15,89.84,Store,Cash,Some(0.1),80.85600000000001,"0.1"
2023-05-08,Wine - Pinot Noir Stoneleigh,2023-06-03,14,88.48,App,Visa,Some(0.11),78.7472,"0.15 & 0.07"
2023-03-19,Soup Campbells Split Pea And Ham,2023-03-24,16,220.6,Store,Cash,Some(1.05),-11.03000000000001,"2.0 & 0.1"
2023-04-19,Pike - Frozen Fillet,2023-07-17,3,246.97,Store,Cash,None,246.97,""
2023-05-04,Edible Flower - Mixed,2023-07-18,6,27.77,Store,Visa,Some(0.05),26.3815,"0.05 & 0.05"
2023-04-16,Bread - Corn Muffaleta Onion,2023-05-28,12,54.51,Store,Visa,Some(0.060000000000000005),51.239399999999996,"0.07 & 0.05"
2023-04-07,Ginger - Fresh,2023-04-20,11,129.22,App,Visa,Some(0.575),54.91850000000001,"1.0 & 0.15"
2023-03-26,Doilies - 7 Paper,2023-06-19,10,118.43,App,Visa,Some(0.085),108.36345000000001,"0.1 & 0.07"
2023-05-07,Onions - White,2023-07-25,9,41.21,Store,Cash,Some(0.05),39.149499999999996,"0.05"
2023-04-12,Container - Hngd Cll Blk 7x7x3,2023-06-20,14,115.98,Store,Cash,Some(0.07),107.8614,"0.07"
2023-05-06,Oxtail - Cut,2023-07-19,15,53.93,Store,Cash,Some(0.1),48.537,"0.1"
2023-03-17,Juice Peach Nectar,2023-03-27,15,236.75,Store,Visa,Some(1.05),-11.837500000000011,"2.0 & 0.1"
2023-04-01,Lamb Shoulder Boneless Nz,2023-04-24,2,44.85,Store,Cash,Some(0.0),44.85,"0.0"
2023-04-02,Crab - Claws Snow 16 - 24,2023-05-08,6,53.38,App,Visa,Some(0.07500000000000001),49.37650000000001,"0.1 & 0.05"
2023-05-06,Muffin - Mix - Mango Sour Cherry,2023-05-21,1,120.46,Store,Cash,Some(1.0),0.0,"1.0"
2023-04-16,Soup - French Can Pea,2023-05-06,14,105.55,Store,Visa,Some(0.535),49.080749999999995,"1.0 & 0.07"
2023-04-06,Pepper - Gypsy Pepper,2023-06-18,10,124.43,App,Visa,Some(0.085),113.85345000000001,"0.1 & 0.07"
2023-05-08,Wooden Mop Handle,2023-07-16,17,221.12,Store,Visa,Some(0.07500000000000001),204.536,"0.1 & 0.05"
2023-04-10,Chilli Paste Ginger Garlic,2023-07-05,2,25.07,Store,Cash,None,25.07,""
2023-03-24,Tomatoes - Roma,2023-05-11,14,65.78,App,Visa,Some(0.11),58.544200000000004,"0.15 & 0.07"
2023-04-18,Dried Peach,2023-04-29,15,218.55,Store,Cash,Some(0.55),98.3475,"1.0 & 0.1"
2023-05-06,Lumpfish Black,2023-05-15,5,196.47,App,Visa,Some(1.025),-4.911749999999983,"2.0 & 0.05"
2023-05-01,Lettuce Romaine Chopped,2023-07-09,13,141.92,Store,Visa,Some(0.060000000000000005),133.4048,"0.07 & 0.05"
2023-03-14,Danishes - Mini Raspberry,2023-05-06,12,163.31,Store,Cash,Some(0.07),151.8783,"0.07"
2023-04-15,Crush - Cream Soda,2023-05-15,1,174.23,App,Visa,Some(0.05),165.5185,"0.05 & 0.05"
2023-04-29,Cream - 35%,2023-05-11,10,105.23,Store,Cash,Some(0.535),48.93195,"1.0 & 0.07"
2023-04-08,Sauerkraut,2023-05-14,14,164.65,App,Visa,Some(0.11),146.5385,"0.15 & 0.07"
2023-04-05,Cup Translucent 9 Oz,2023-04-20,15,173.74,App,Visa,Some(0.575),73.83950000000002,"1.0 & 0.15"
2023-04-08,Cheese - Parmesan Grated,2023-05-29,5,204.0,Store,Visa,Some(0.07500000000000001),188.70000000000002,"0.1 & 0.05"
2023-04-22,Pastry - Mini French Pastries,2023-05-23,5,128.64,App,Visa,Some(0.05),122.20799999999998,"0.05 & 0.05"
2023-04-26,Cape Capensis - Fillet,2023-05-05,7,36.43,App,Visa,Some(1.05),-1.8215000000000017,"2.0 & 0.1"
2023-04-21,Ocean Spray - Ruby Red,2023-06-28,7,82.37,Store,Cash,Some(0.05),78.25150000000001,"0.05"
2023-04-23,Veal - Insides Grains,2023-07-04,9,194.02,Store,Cash,Some(0.05),184.319,"0.05"
2023-04-03,Squid - Breaded,2023-04-25,2,131.02,Store,Cash,Some(0.0),131.02,"0.0"
2023-04-01,Initation Crab Meat,2023-05-26,6,98.29,Store,Cash,Some(0.05),93.3755,"0.05"
2023-03-30,Pate - Liver,2023-05-31,17,92.53,App,Visa,Some(0.15000000000000002),78.6505,"0.2 & 0.1"
2023-05-06,Pasta - Penne Rigate Dry,2023-05-16,16,221.46,Store,Cash,Some(1.05),-11.073000000000011,"2.0 & 0.1"
2023-04-07,Samosa - Veg,2023-06-19,13,233.69,Store,Cash,Some(0.07),217.33169999999998,"0.07"
2023-03-15,Trueblue - Blueberry 12x473ml,2023-05-11,9,72.06,App,Visa,Some(0.07500000000000001),66.6555,"0.1 & 0.05"
2023-04-17,Wine - German Riesling,2023-04-20,13,248.89,App,Visa,Some(1.075),-18.666749999999986,"2.0 & 0.15"
2023-04-07,Amarula Cream,2023-04-16,2,239.54,Store,Cash,Some(2.0),-239.54,"2.0"
2023-04-17,Pastrami,2023-05-17,3,35.53,Store,Cash,None,35.53,""
2023-04-10,Blue Curacao - Marie Brizard,2023-06-28,3,175.6,Store,Cash,None,175.6,""
2023-03-20,Straws - Cocktale,2023-03-26,10,3.89,Store,Visa,Some(1.035),-0.1361499999999997,"2.0 & 0.07"
2023-04-12,Rabbit - Frozen,2023-04-22,13,149.54,App,Visa,Some(1.075),-11.215499999999993,"2.0 & 0.15"
2023-04-25,Wine - Domaine Boyar Royal,2023-05-20,5,144.9,Store,Visa,Some(0.05),137.655,"0.05 & 0.05"
2023-03-24,Tomatoes - Roma,2023-04-30,5,192.52,App,Visa,Some(0.05),182.894,"0.05 & 0.05"
2023-03-25,Pork - Loin Bone - In,2023-06-16,17,29.49,Store,Visa,Some(0.07500000000000001),27.27825,"0.1 & 0.05"
2023-04-04,Beef - Ox Tongue Pickled,2023-04-09,15,203.57,Store,Cash,Some(1.05),-10.178500000000009,"2.0 & 0.1"
2023-03-14,Cup - Translucent 7 Oz Clear,2023-06-02,3,42.68,Store,Cash,None,42.68,""
2023-04-12,Canadian Emmenthal,2023-04-29,11,35.42,Store,Visa,Some(0.535),16.470299999999998,"1.0 & 0.07"
2023-04-10,Propel Sport Drink,2023-07-09,10,221.83,Store,Cash,Some(0.07),206.3019,"0.07"
2023-04-26,Langers - Mango Nectar,2023-05-24,16,101.45,App,Visa,Some(0.15000000000000002),86.2325,"0.2 & 0.1"
2023-04-07,Sour Puss Sour Apple,2023-05-24,1,236.57,App,Visa,Some(0.05),224.74149999999997,"0.05 & 0.05"
2023-04-11,Pomello,2023-06-04,13,60.39,Store,Cash,Some(0.07),56.162699999999994,"0.07"
2023-03-27,Cheese Cloth No 100,2023-05-25,17,186.2,App,Visa,Some(0.15000000000000002),158.26999999999998,"0.2 & 0.1"
2023-03-20,Bread Base - Italian,2023-06-01,9,238.44,App,Visa,Some(0.07500000000000001),220.55700000000002,"0.1 & 0.05"
2023-05-12,Soup - Campbells Lentil,2023-05-15,3,22.39,App,Visa,Some(1.025),-0.559749999999998,"2.0 & 0.05"
2023-03-13,Pepper - Black Crushed,2023-04-30,13,102.37,Store,Cash,Some(0.07),95.2041,"0.07"
2023-05-04,Salt - Seasoned,2023-05-08,6,24.64,Store,Cash,Some(1.025),-0.6159999999999978,"2.0 & 0.05"
2023-03-30,Cheese - La Sauvagine,2023-05-17,10,205.46,Store,Cash,Some(0.085),187.9959,"0.1 & 0.07"
2023-04-10,Wine - Pinot Noir Latour,2023-05-03,1,120.14,Store,Cash,Some(0.025),117.1365,"0.05 & 0.0"
2023-03-14,Sprouts - Peppercress,2023-06-03,5,2.57,App,Visa,Some(0.05),2.4414999999999996,"0.05 & 0.05"
2023-03-26,Numi - Assorted Teas,2023-05-14,10,88.54,Store,Cash,Some(0.07),82.3422,"0.07"
2023-03-29,Sambuca Cream,2023-05-05,12,75.83,App,Visa,Some(0.11),67.4887,"0.15 & 0.07"
2023-05-08,Lemonade - Mandarin 591 Ml,2023-06-16,15,137.07,Store,Cash,Some(0.1),123.363,"0.1"
2023-03-22,Melon - Watermelon Seedless,2023-06-19,10,41.32,Store,Cash,Some(0.07),38.4276,"0.07"
2023-04-24,Rice Paper,2023-05-15,12,59.57,App,Visa,Some(0.11),53.0173,"0.15 & 0.07"
2023-04-18,Fruit Salad Deluxe,2023-06-22,8,238.06,Store,Visa,Some(0.05),226.15699999999998,"0.05 & 0.05"
2023-04-20,Mortadella,2023-06-11,6,230.36,App,Visa,Some(0.07500000000000001),213.08300000000003,"0.1 & 0.05"
2023-03-25,Sausage - Meat,2023-04-18,4,30.89,App,Visa,Some(0.05),29.345499999999998,"0.05 & 0.05"
2023-05-01,Wine - Fino Tio Pepe Gonzalez,2023-06-01,9,131.13,App,Visa,Some(0.07500000000000001),121.29525,"0.1 & 0.05"
2023-03-18,Cheese - St. Andre,2023-06-16,7,167.82,App,Visa,Some(0.1),151.038,"0.1 & 0.1"
2023-03-17,Oil - Coconut,2023-05-02,17,121.19,Store,Visa,Some(0.07500000000000001),112.10075,"0.1 & 0.05"
2023-04-08,Soup - Campbells Broccoli,2023-06-22,1,144.03,Store,Visa,Some(0.05),136.8285,"0.05"
2023-04-19,Cranberries - Dry,2023-07-09,3,139.58,Store,Visa,Some(0.05),132.601,"0.05"
2023-05-11,Ezy Change Mophandle,2023-06-09,8,129.63,Store,Cash,Some(0.025),126.38924999999999,"0.05 & 0.0"
2023-05-04,Gherkin,2023-07-08,8,37.53,App,Visa,Some(0.07500000000000001),34.715250000000005,"0.1 & 0.05"
2023-04-17,Carbonated Water - Raspberry,2023-04-24,12,87.07,Store,Cash,Some(1.035),-3.047449999999993,"2.0 & 0.07"
2023-04-13,Cornstarch,2023-05-14,8,245.26,Store,Cash,Some(0.05),232.99699999999999,"0.05"
2023-04-19,Iced Tea Concentrate,2023-06-12,6,163.04,App,Visa,Some(0.07500000000000001),150.812,"0.1 & 0.05"
2023-04-18,Pasta - Rotini Colour Dry,2023-04-24,4,20.13,Store,Cash,Some(2.0),-20.13,"2.0"
2023-04-14,Sour Puss Raspberry,2023-06-07,8,38.32,App,Visa,Some(0.07500000000000001),35.446000000000005,"0.1 & 0.05"
2023-04-24,Bread Country Roll,2023-05-19,2,75.17,Store,Cash,Some(0.0),75.17,"0.0"
2023-03-16,Apple - Fuji,2023-05-21,15,16.35,App,Visa,Some(0.125),14.306250000000002,"0.15 & 0.1"
2023-04-27,Soup - Boston Clam Chowder,2023-06-07,6,148.72,Store,Cash,Some(0.05),141.284,"0.05"
2023-04-14,Trout - Smoked,2023-07-08,4,143.96,Store,Cash,None,143.96,""
2023-04-09,Beer - Camerons Cream Ale,2023-05-21,10,57.34,App,Visa,Some(0.085),52.466100000000004,"0.1 & 0.07"
2023-04-25,Juice - Orange 341 Ml,2023-06-14,17,178.63,Store,Cash,Some(0.1),160.767,"0.1"
2023-04-09,Pike - Frozen Fillet,2023-06-22,2,119.96,Store,Cash,None,119.96,""
2023-05-02,Crab - Imitation Flakes,2023-05-05,1,206.65,Store,Cash,Some(2.0),-206.65,"2.0"
2023-03-19,Bag Clear 10 Lb,2023-04-08,13,41.04,Store,Cash,Some(0.535),19.083599999999997,"1.0 & 0.07"
2023-05-10,Wine - Mas Chicet Rose Vintage,2023-07-15,10,102.28,Store,Cash,Some(0.060000000000000005),96.1432,"0.07 & 0.05"
2023-05-04,Yoghurt Tubes,2023-06-10,17,150.47,App,Visa,Some(0.15000000000000002),127.89949999999999,"0.2 & 0.1"
2023-03-17,Milk - Skim,2023-04-19,13,75.7,Store,Cash,Some(0.07),70.401,"0.07"
2023-05-03,Toothpick Frilled,2023-05-06,2,249.77,App,Visa,Some(1.025),-6.244249999999978,"2.0 & 0.05"
2023-04-06,Table Cloth 120 Round White,2023-06-07,5,126.5,Store,Cash,None,126.5,""
2023-04-09,Vinegar - Balsamic,2023-07-08,14,218.9,App,Visa,Some(0.11),194.821,"0.15 & 0.07"
2023-03-24,Canadian Emmenthal,2023-05-10,15,226.6,Store,Visa,Some(0.07500000000000001),209.60500000000002,"0.1 & 0.05"
2023-03-16,Cookies - Oreo 4 Pack,2023-05-26,2,167.88,Store,Cash,None,167.88,""
2023-05-10,Wine - Red Cooking,2023-06-08,12,117.64,Store,Cash,Some(0.060000000000000005),110.5816,"0.07 & 0.05"
2023-04-09,Appetizer - Asian Shrimp Roll,2023-06-16,12,16.79,App,Visa,Some(0.11),14.9431,"0.15 & 0.07"
2023-03-30,Rum - Cream Amarula,2023-06-13,1,134.62,Store,Visa,Some(0.05),127.889,"0.05"
2023-03-15,Lettuce - Frisee,2023-03-21,9,55.73,Store,Cash,Some(1.025),-1.393249999999995,"2.0 & 0.05"
2023-04-20,Broom And Broom Rack White,2023-07-19,6,104.25,Store,Cash,Some(0.05),99.0375,"0.05"
2023-03-14,Squash - Acorn,2023-06-05,11,128.64,Store,Cash,Some(0.07),119.63519999999998,"0.07"
2023-04-25,Water - Spring Water 355 Ml,2023-07-16,14,221.91,Store,Cash,Some(0.07),206.3763,"0.07"
2023-04-02,Beans - Black Bean Dry,2023-05-19,17,27.22,Store,Cash,Some(0.1),24.498,"0.1"
2023-04-26,Gatorade - Orange,2023-06-09,16,89.79,Store,Cash,Some(0.1),80.811,"0.1"
2023-04-13,Beer - Labatt Blue,2023-05-13,6,39.62,Store,Cash,Some(0.05),37.638999999999996,"0.05"
2023-05-08,Soup - Campbells Beef Strogonoff,2023-07-19,9,198.75,Store,Visa,Some(0.05),188.8125,"0.05 & 0.05"
2023-04-21,Pears - Fiorelle,2023-05-08,12,214.24,Store,Cash,Some(0.535),99.6216,"1.0 & 0.07"
2023-05-03,Pumpkin - Seed,2023-05-20,12,207.73,Store,Cash,Some(0.535),96.59445,"1.0 & 0.07"
2023-04-27,Cookie Dough - Peanut Butter,2023-05-20,13,209.91,App,Visa,Some(0.11),186.8199,"0.15 & 0.07"
2023-04-03,Cheese - Le Cheve Noir,2023-06-01,15,30.15,App,Visa,Some(0.125),26.381249999999998,"0.15 & 0.1"
2023-03-17,Seaweed Green Sheets,2023-06-07,5,92.83,Store,Visa,Some(0.05),88.18849999999999,"0.05"
2023-05-01,Truffle Paste,2023-05-16,13,56.91,App,Visa,Some(0.575),24.18675,"1.0 & 0.15"
2023-04-24,Mcguinness - Blue Curacao,2023-06-08,17,101.32,Store,Visa,Some(0.07500000000000001),93.721,"0.1 & 0.05"
2023-03-21,Sugar - White Packet,2023-06-18,7,74.82,Store,Cash,Some(0.05),71.079,"0.05"
2023-03-20,Mushroom - Porcini Frozen,2023-04-15,1,168.44,Store,Cash,Some(0.0),168.44,"0.0"
2023-04-09,Bread - Multigrain Loaf,2023-06-17,1,26.95,Store,Cash,None,26.95,""
2023-04-11,Wine - Magnotta White,2023-05-25,9,165.52,App,Visa,Some(0.07500000000000001),153.10600000000002,"0.1 & 0.05"
2023-05-04,Southern Comfort,2023-05-19,12,209.5,Store,Cash,Some(0.535),97.41749999999999,"1.0 & 0.07"
2023-04-02,Bread Base - Italian,2023-04-30,12,215.82,Store,Cash,Some(0.035),208.26629999999997,"0.07 & 0.0"
2023-03-19,Wine - Ruffino Chianti,2023-04-23,12,249.0,Store,Cash,Some(0.060000000000000005),234.05999999999997,"0.07 & 0.05"
2023-03-21,Rice - 7 Grain Blend,2023-05-25,3,92.48,Store,Visa,Some(0.05),87.856,"0.05"
2023-05-09,Split Peas - Yellow Dry,2023-06-24,5,45.82,Store,Cash,None,45.82,""
2023-04-27,Oil - Olive Bertolli,2023-07-10,8,27.11,Store,Visa,Some(0.05),25.754499999999997,"0.05 & 0.05"
2023-03-26,Lamb - Whole Head Off,2023-04-01,16,43.78,Store,Cash,Some(1.05),-2.189000000000002,"2.0 & 0.1"
2023-03-29,Basil - Dry Rubbed,2023-06-22,14,62.45,Store,Cash,Some(0.07),58.0785,"0.07"
2023-05-01,Kiwi Gold Zespri,2023-07-01,4,8.94,Store,Cash,None,8.94,""
2023-04-08,Cheese - Marble,2023-04-30,1,123.76,App,Visa,Some(0.07500000000000001),114.47800000000001,"0.1 & 0.05"
2023-03-21,Maple Syrup,2023-05-21,10,94.95,Store,Visa,Some(0.060000000000000005),89.253,"0.07 & 0.05"
2023-04-21,Mushroom - Shitake Fresh,2023-07-09,8,142.17,Store,Cash,Some(0.05),135.0615,"0.05"
2023-04-27,Wine - Tio Pepe Sherry Fino,2023-06-06,8,200.62,Store,Cash,Some(0.05),190.589,"0.05 & 0.05"
2023-03-19,Bread - Italian Roll With Herbs,2023-04-14,4,89.82,Store,Cash,Some(0.0),89.82,"0.0"
2023-03-16,Sausage - Meat,2023-05-28,3,78.98,App,Visa,Some(0.05),75.031,"0.05 & 0.05"
2023-03-21,Cheese - Stilton,2023-04-14,10,151.5,Store,Cash,Some(0.085),138.6225,"0.1 & 0.07"
2023-03-19,Coconut - Whole,2023-04-28,5,82.22,Store,Visa,Some(0.05),78.109,"0.05"
2023-05-01,Sauce Bbq Smokey,2023-05-04,8,214.28,Store,Cash,Some(1.025),-5.356999999999981,"2.0 & 0.05"
2023-03-21,Soup - Campbells Beef Noodle,2023-04-13,4,37.25,Store,Cash,Some(0.0),37.25,"0.0"
2023-03-30,Pop - Club Soda Can,2023-05-22,7,44.56,Store,Cash,Some(0.05),42.332,"0.05"
2023-05-05,Vinegar - Balsamic,2023-06-22,3,69.39,Store,Visa,Some(0.05),65.9205,"0.05"
2023-05-01,Soup - Verve - Chipotle Chicken,2023-05-27,12,110.59,Store,Cash,Some(0.035),106.71935,"0.07 & 0.0"
2023-05-01,Wasabi Powder,2023-07-15,1,150.94,Store,Visa,Some(0.05),143.393,"0.05"
2023-04-20,Beans - Turtle Black Dry,2023-06-18,16,30.29,Store,Cash,Some(0.1),27.261,"0.1"
2023-04-25,Pastry - Mini French Pastries,2023-07-04,1,224.65,Store,Cash,None,224.65,""
2023-04-22,Muffin Mix - Oatmeal,2023-05-22,4,149.11,Store,Cash,None,149.11,""
2023-04-02,Pasta - Cheese / Spinach Bauletti,2023-06-09,10,8.58,App,Visa,Some(0.085),7.850700000000001,"0.1 & 0.07"
2023-04-24,7up Diet 355 Ml,2023-05-17,6,9.96,Store,Cash,Some(0.025),9.711,"0.05 & 0.0"
2023-05-06,Soup Campbells Turkey Veg.,2023-06-23,5,59.82,Store,Cash,None,59.82,""
2023-03-23,Muffin - Zero Transfat,2023-04-20,11,66.71,App,Visa,Some(0.11),59.3719,"0.15 & 0.07"
2023-04-27,Rum - White Gg White,2023-07-06,17,230.88,Store,Cash,Some(0.1),207.792,"0.1"
2023-04-02,Arizona - Green Tea,2023-06-05,16,229.55,Store,Visa,Some(0.07500000000000001),212.33375,"0.1 & 0.05"
2023-04-05,Tart Shells - Sweet 4,2023-05-06,3,67.73,Store,Cash,None,67.73,""
2023-05-02,Bread - Malt,2023-05-15,14,144.88,Store,Cash,Some(0.535),67.36919999999999,"1.0 & 0.07"
2023-04-03,Milk - Buttermilk,2023-04-27,4,166.99,Store,Cash,Some(0.0),166.99,"0.0"
2023-04-03,Brandy - Orange Mc Guiness,2023-05-03,7,130.18,App,Visa,Some(0.07500000000000001),120.41650000000001,"0.1 & 0.05"
2023-04-11,Wheat - Soft Kernal Of Wheat,2023-06-04,5,124.96,Store,Cash,None,124.96,""
2023-04-04,Snails - Large Canned,2023-04-25,14,24.1,App,Visa,Some(0.11),21.449,"0.15 & 0.07"
2023-04-11,Garbag Bags - Black,2023-05-20,12,77.24,Store,Visa,Some(0.060000000000000005),72.6056,"0.07 & 0.05"
2023-03-29,Persimmons,2023-05-09,5,136.79,App,Visa,Some(0.05),129.95049999999998,"0.05 & 0.05"
2023-03-14,Salmon Atl.whole 8 - 10 Lb,2023-04-20,8,156.61,App,Visa,Some(0.07500000000000001),144.86425000000003,"0.1 & 0.05"
2023-03-30,Soup - Campbells Mushroom,2023-04-27,7,109.53,App,Visa,Some(0.07500000000000001),101.31525,"0.1 & 0.05"
2023-04-29,Soup - Campbells Cream Of,2023-05-21,4,112.28,Store,Cash,Some(0.0),112.28,"0.0"
2023-04-10,Stainless Steel Cleaner Vision,2023-07-08,16,189.18,Store,Cash,Some(0.1),170.262,"0.1"
2023-05-01,Juice - Ocean Spray Cranberry,2023-05-27,7,166.35,Store,Cash,Some(0.025),162.19125,"0.05 & 0.0"
2023-03-31,Beets,2023-04-29,16,147.22,App,Visa,Some(0.15000000000000002),125.137,"0.2 & 0.1"
2023-04-04,Fish - Base Bouillion,2023-05-10,4,118.02,App,Visa,Some(0.05),112.11899999999999,"0.05 & 0.05"
2023-03-26,Bread - Crumbs Bulk,2023-06-02,13,43.03,App,Visa,Some(0.11),38.2967,"0.15 & 0.07"
2023-03-16,Sauce Bbq Smokey,2023-03-21,12,10.45,Store,Visa,Some(1.035),-0.36574999999999913,"2.0 & 0.07"
2023-03-17,Basil - Pesto Sauce,2023-05-09,2,68.81,App,Visa,Some(0.05),65.3695,"0.05 & 0.05"
2023-04-17,Macaroons - Two Bite Choc,2023-04-19,4,16.93,App,Visa,Some(1.025),-0.4232499999999985,"2.0 & 0.05"
2023-04-22,Plaintain,2023-07-07,11,238.69,Store,Visa,Some(0.060000000000000005),224.3686,"0.07 & 0.05"
2023-04-04,Cookies Almond Hazelnut,2023-06-12,5,38.24,Store,Visa,Some(0.05),36.328,"0.05"
2023-04-27,Pear - Asian,2023-07-20,14,243.82,App,Visa,Some(0.11),216.9998,"0.15 & 0.07"
2023-04-23,Long Island Ice Tea,2023-04-30,3,104.64,Store,Visa,Some(1.025),-2.6159999999999908,"2.0 & 0.05"
2023-03-14,Cheese - St. Paulin,2023-05-22,5,8.91,Store,Cash,Some(0.1),8.019,"0.1"
2023-04-10,Plate Pie Foil,2023-05-13,13,214.06,Store,Visa,Some(0.060000000000000005),201.2164,"0.07 & 0.05"
2023-03-22,Scallops - 20/30,2023-05-24,14,202.69,Store,Cash,Some(0.07),188.50169999999997,"0.07"
2023-04-16,Lettuce - Spring Mix,2023-06-24,15,156.02,Store,Visa,Some(0.07500000000000001),144.31850000000003,"0.1 & 0.05"
2023-03-27,Rosemary - Dry,2023-04-06,11,108.69,App,Visa,Some(1.075),-8.151749999999995,"2.0 & 0.15"
2023-04-13,Chicken Breast Halal,2023-04-28,1,178.75,Store,Cash,Some(1.0),0.0,"1.0"
2023-04-01,Nescafe - Frothy French Vanilla,2023-05-05,12,39.98,Store,Cash,Some(0.07),37.1814,"0.07"
2023-03-18,Bread - Raisin Walnut Oval,2023-03-30,5,137.17,Store,Cash,Some(1.0),0.0,"1.0"
2023-04-13,Kahlua,2023-04-24,7,46.35,App,Visa,Some(0.55),20.857499999999998,"1.0 & 0.1"
2023-04-07,Bread - Roll Soft White Round,2023-04-09,7,196.49,Store,Cash,Some(1.025),-4.9122499999999825,"2.0 & 0.05"
2023-04-14,7up Diet 355 Ml,2023-06-20,15,123.85,Store,Cash,Some(0.1),111.465,"0.1"
2023-03-21,Chinese Foods - Plain Fried Rice,2023-03-30,16,227.83,Store,Cash,Some(1.05),-11.391500000000011,"2.0 & 0.1"
2023-04-10,Chicken - Whole,2023-06-20,15,2.58,Store,Cash,Some(0.1),2.322,"0.1"
2023-04-17,Goldschalger,2023-06-08,1,210.04,Store,Cash,None,210.04,""
2023-04-11,External Supplier,2023-05-31,5,142.72,Store,Cash,None,142.72,""
2023-04-02,Wine - Coteaux Du Tricastin Ac,2023-06-04,14,150.4,App,Visa,Some(0.11),133.856,"0.15 & 0.07"
2023-03-19,Vol Au Vents,2023-05-26,1,182.95,Store,Cash,None,182.95,""
2023-04-30,Mushrooms - Honey,2023-05-18,15,129.55,Store,Cash,Some(0.55),58.2975,"1.0 & 0.1"
2023-05-08,Tomatoes Tear Drop Yellow,2023-07-15,12,157.22,Store,Visa,Some(0.060000000000000005),147.7868,"0.07 & 0.05"
2023-04-24,Nut - Pecan Halves,2023-06-18,14,153.77,Store,Cash,Some(0.07),143.0061,"0.07"
2023-03-25,Yoplait Drink,2023-04-15,4,104.59,App,Visa,Some(0.05),99.3605,"0.05 & 0.05"
2023-04-01,Wine - Magnotta - Cab Franc,2023-06-16,1,130.59,App,Visa,Some(0.05),124.06049999999999,"0.05 & 0.05"
2023-04-18,Goat - Whole Cut,2023-05-03,1,151.8,Store,Cash,Some(1.0),0.0,"1.0"
2023-04-01,Oil - Pumpkinseed,2023-06-09,1,237.3,Store,Cash,None,237.3,""
2023-04-13,Cookie Trail Mix,2023-05-19,14,172.88,Store,Cash,Some(0.07),160.77839999999998,"0.07"
2023-04-25,Veal - Bones,2023-05-20,5,138.77,App,Visa,Some(0.05),131.8315,"0.05 & 0.05"
2023-05-01,Goulash Seasoning,2023-06-15,15,164.89,App,Visa,Some(0.125),144.27875,"0.15 & 0.1"
2023-04-27,Buffalo - Striploin,2023-07-24,2,101.45,Store,Visa,Some(0.05),96.3775,"0.05"
2023-04-29,Juice - Lagoon Mango,2023-06-30,13,234.01,Store,Cash,Some(0.07),217.62929999999997,"0.07"
2023-03-30,Milk - Chocolate 250 Ml,2023-04-05,12,133.88,App,Visa,Some(1.075),-10.040999999999993,"2.0 & 0.15"
2023-05-10,Flower - Leather Leaf Fern,2023-07-19,10,245.38,Store,Visa,Some(0.060000000000000005),230.6572,"0.07 & 0.05"
2023-04-04,Fish - Soup Base Bouillon,2023-04-28,9,95.57,App,Visa,Some(0.07500000000000001),88.40225,"0.1 & 0.05"
2023-05-12,Silicone Paper 16.5x24,2023-07-08,11,145.99,App,Visa,Some(0.11),129.93110000000001,"0.15 & 0.07"
2023-05-12,Red Currants,2023-07-11,17,208.22,Store,Visa,Some(0.07500000000000001),192.6035,"0.1 & 0.05"
2023-05-01,Lamb - Shanks,2023-05-14,14,205.98,App,Visa,Some(0.575),87.5415,"1.0 & 0.15"
2023-03-17,Coriander - Seed,2023-04-16,15,60.88,Store,Visa,Some(0.07500000000000001),56.31400000000001,"0.1 & 0.05"
2023-03-24,Pepper - Sorrano,2023-05-28,7,198.13,Store,Cash,Some(0.05),188.22349999999997,"0.05"
2023-03-30,Ecolab - Hobart Upr Prewash Arm,2023-05-22,16,11.52,Store,Cash,Some(0.1),10.368,"0.1"
2023-04-17,Oil - Coconut,2023-06-11,13,227.47,Store,Cash,Some(0.07),211.54709999999997,"0.07"
2023-04-14,Juice - Orange 1.89l,2023-04-17,16,246.62,Store,Visa,Some(1.05),-12.331000000000012,"2.0 & 0.1"
2023-04-03,Fennel - Seeds,2023-04-12,10,25.65,Store,Cash,Some(1.035),-0.8977499999999979,"2.0 & 0.07"
2023-03-22,Lotus Rootlets - Canned,2023-05-15,17,11.33,Store,Cash,Some(0.1),10.197000000000001,"0.1"
2023-03-21,Chocolate - Chips Compound,2023-05-13,9,2.21,Store,Visa,Some(0.05),2.0995,"0.05 & 0.05"
2023-05-08,Bagel - Everything,2023-07-14,14,14.0,Store,Cash,Some(0.07),13.02,"0.07"
2023-03-23,Beef - Sushi Flat Iron Steak,2023-05-08,3,165.0,Store,Visa,Some(0.05),156.75,"0.05"
2023-04-08,Cheese - Colby,2023-05-20,2,178.87,App,Visa,Some(0.07500000000000001),165.45475000000002,"0.1 & 0.05"
2023-03-27,Bagel - Sesame Seed Presliced,2023-04-23,14,56.25,Store,Cash,Some(0.035),54.28125,"0.07 & 0.0"
2023-04-03,Tomatoes - Cherry,2023-04-16,15,149.69,App,Visa,Some(0.575),63.61825,"1.0 & 0.15"
2023-03-26,Pastry - Banana Muffin - Mini,2023-05-19,4,113.46,Store,Visa,Some(0.05),107.78699999999999,"0.05"
2023-03-23,Cheese - Cream Cheese,2023-06-10,9,76.68,Store,Cash,Some(0.07500000000000001),70.92900000000002,"0.1 & 0.05"
2023-04-18,Pork Casing,2023-06-29,2,18.75,App,Visa,Some(0.05),17.8125,"0.05 & 0.05"
2023-04-05,Wine - Puligny Montrachet A.,2023-06-08,2,99.6,App,Visa,Some(0.05),94.61999999999999,"0.05 & 0.05"
2023-04-29,Soup - Clam Chowder Dry Mix,2023-05-14,17,93.42,App,Visa,Some(0.6),37.368,"1.0 & 0.2"
2023-03-20,Pork - Smoked Kassler,2023-05-28,15,3.52,Store,Cash,Some(0.1),3.168,"0.1"
2023-04-23,Cardamon Ground,2023-07-09,3,117.79,App,Visa,Some(0.05),111.9005,"0.05 & 0.05"
2023-05-12,Island Oasis - Lemonade,2023-05-16,7,30.26,App,Visa,Some(1.05),-1.5130000000000015,"2.0 & 0.1"
2023-04-21,Coffee Beans - Chocolate,2023-04-26,9,19.46,App,Visa,Some(1.05),-0.9730000000000009,"2.0 & 0.1"
2023-03-21,Glucose,2023-06-04,11,60.92,App,Visa,Some(0.11),54.2188,"0.15 & 0.07"
2023-04-20,Beef - Tongue Cooked,2023-05-13,15,13.78,Store,Visa,Some(0.07500000000000001),12.7465,"0.1 & 0.05"
2023-03-25,Table Cloth 62x120 Colour,2023-05-15,17,26.57,App,Visa,Some(0.15000000000000002),22.5845,"0.2 & 0.1"
2023-03-31,Gatorade - Orange,2023-05-15,4,154.15,Store,Cash,None,154.15,""
2023-05-07,Pasta - Lasagna Dry,2023-07-31,7,80.81,Store,Cash,Some(0.05),76.7695,"0.05"
2023-04-19,Soup - Cream Of Broccoli,2023-05-03,15,162.26,Store,Visa,Some(0.55),73.01699999999998,"1.0 & 0.1"
2023-04-06,Sambuca - Ramazzotti,2023-07-05,11,191.82,App,Visa,Some(0.11),170.7198,"0.15 & 0.07"
2023-04-28,Wine - Kwv Chenin Blanc South,2023-06-16,10,8.87,App,Visa,Some(0.085),8.11605,"0.1 & 0.07"
2023-04-06,Wine - Manischewitz Concord,2023-04-16,1,5.39,App,Visa,Some(1.025),-0.1347499999999995,"2.0 & 0.05"
2023-05-02,Cookie Dough - Double,2023-06-18,11,169.19,Store,Cash,Some(0.07),157.3467,"0.07"
2023-05-03,Beef - Bresaola,2023-05-09,6,91.29,App,Visa,Some(1.05),-4.564500000000004,"2.0 & 0.1"
2023-04-13,Smoked Paprika,2023-06-22,1,202.23,App,Visa,Some(0.05),192.11849999999998,"0.05 & 0.05"
2023-04-22,Puree - Blackcurrant,2023-07-07,15,10.48,Store,Cash,Some(0.1),9.432,"0.1"
2023-05-03,Pepper - Chillies Crushed,2023-06-19,17,72.58,App,Visa,Some(0.15000000000000002),61.693,"0.2 & 0.1"
2023-04-22,Tea - English Breakfast,2023-06-21,16,6.63,Store,Visa,Some(0.07500000000000001),6.132750000000001,"0.1 & 0.05"
2023-04-23,Mustard - Individual Pkg,2023-07-04,7,198.68,App,Visa,Some(0.07500000000000001),183.77900000000002,"0.1 & 0.05"
2023-04-01,Cheese - Goat,2023-05-25,5,213.05,Store,Cash,Some(0.1),191.745,"0.1"
2023-04-25,Swiss Chard,2023-05-25,1,242.97,Store,Cash,None,242.97,""
2023-03-26,Juice - Apple 284ml,2023-04-22,17,30.02,Store,Cash,Some(0.05),28.519,"0.1 & 0.0"
2023-04-08,Dip - Tapenade,2023-05-15,15,188.33,App,Visa,Some(0.125),164.78875000000002,"0.15 & 0.1"
2023-04-18,Horseradish - Prepared,2023-05-06,6,164.86,App,Visa,Some(0.55),74.187,"1.0 & 0.1"
2023-04-27,Bar Mix - Pina Colada 355 Ml,2023-07-12,15,86.4,App,Visa,Some(0.125),75.60000000000001,"0.15 & 0.1"
2023-03-22,Wine - White Riesling Semi - Dry,2023-06-08,1,102.32,App,Visa,Some(0.05),97.204,"0.05 & 0.05"
2023-03-25,Chicken - Leg / Back Attach,2023-06-20,7,38.09,Store,Visa,Some(0.05),36.185500000000005,"0.05 & 0.05"
2023-05-07,Radish - Pickled,2023-06-01,16,243.4,Store,Visa,Some(0.07500000000000001),225.145,"0.1 & 0.05"
2023-03-23,Mushroom - Chantrelle Fresh,2023-04-06,5,19.92,App,Visa,Some(0.525),9.462,"1.0 & 0.05"
2023-04-11,Chicken - White Meat With Tender,2023-07-01,9,69.71,App,Visa,Some(0.07500000000000001),64.48174999999999,"0.1 & 0.05"
2023-04-21,Shrimp - Black Tiger 13/15,2023-07-10,17,101.43,Store,Cash,Some(0.1),91.287,"0.1"
2023-04-14,Food Colouring - Pink,2023-05-27,4,91.88,Store,Cash,None,91.88,""
2023-04-27,Chicken - Breast 5 - 7 Oz,2023-06-15,15,192.27,Store,Cash,Some(0.1),173.043,"0.1"
2023-03-24,Blueberries,2023-05-27,3,16.26,Store,Cash,None,16.26,""
2023-04-25,Wine - Charddonnay Errazuriz,2023-05-27,12,109.45,App,Visa,Some(0.11),97.4105,"0.15 & 0.07"
2023-04-24,Veal - Round Eye Of,2023-06-18,17,206.63,App,Visa,Some(0.15000000000000002),175.63549999999998,"0.2 & 0.1"
2023-04-27,Veal - Leg,2023-07-02,3,152.74,App,Visa,Some(0.05),145.103,"0.05 & 0.05"
2023-03-31,Gin - Gilbeys London Dry,2023-05-09,4,234.71,Store,Visa,Some(0.05),222.9745,"0.05"
2023-04-14,Creme De Banane - Marie,2023-06-04,1,9.05,App,Visa,Some(0.05),8.5975,"0.05 & 0.05"
